Razao_Social,UF,total_despesas,media_trimestral,desvio_padrao
BRADESCO SAÃDE S.A.,RJ,119580634026.0,39860211342.0,13543336003.488115
CLINIPAM CLINICA PARANAENSE DE ASSISTENCIA MEDICA LTDA,CE,17561537299.0,5853845766.333333,5671128592.508168
H.B. SAÃDE S/A.,SP,14532841930.0,4844280643.333333,506113870.6549046
CENTRO CLÃNICO GAÃCHO LTDA,CE,7281479778.0,2427159926.0,74290126.74892308
FUNDAÃÃO SÃO FRANCISCO XAVIER,MG,6117216886.0,2039072295.3333333,148315116.48165253
PREVENT SENIOR PRIVATE OPERADORA DE SAÃDE LTDA,SP,5397978724.0,1799326241.3333333,1308410194.3833022
UNIMED BELO HORIZONTE COOPERATIVA DE TRABALHO MÃDICO,MG,5363237900.0,1787745966.6666667,1353401669.0614185
HAPVIDA ASSISTENCIA MEDICA S.A.,CE,5286247677.0,1762082559.0,2022361188.4365118
NOTRE DAME INTERMÃDICA SAÃDE S.A.,SP,4863739568.0,1621246522.6666667,415965424.566621
UNIMED DE LONDRINA COOPERATIVA DE TRABALHO MÃDICO,PR,4609599631.0,1536533210.3333333,679489700.6052471
CAIXA DE ASSISTÃNCIA DOS FUNCIONÃRIOS DO BANCO DO BRASIL,DF,4476125433.0,1492041811.0,1818478646.2449436
ALICE OPERADORA LTDA.,SP,4440489233.0,1480163077.6666667,1182712241.575309
UNIMED NACIONAL - COOPERATIVA CENTRAL,SP,4019205035.0,1339735011.6666667,630556461.1519941
HUMANA SAÃDE LTDA.,PR,3919645014.0,1306548338.0,73904865.28159228
SAMI ASSISTÃNCIA MÃDICA LTDA,SP,3847496258.0,1282498752.6666667,13092806.226175874
CAIXA SEGURADORA ESPECIALIZADA EM SAÃDE S/A,SP,3843389296.0,1281129765.3333333,35455589.96452557
FUNDAÃÃO SAÃDE ITAÃ,MG,3645674218.0,1215224739.3333333,1235212671.058391
PORTO SEGURO - SEGURO SAÃDE S/A,SP,3571884772.0,1190628257.3333333,1515408969.167777
UNIMED GOIANIA COOPERATIVA DE TRABALHO MÃDICO,GO,3501269720.0,1167089906.6666667,801647757.5469719
LEVE SAUDE OPERADORA DE PLANOS DE SAUDE S.A,RJ,3461468489.0,1153822829.6666667,98832861.81343345
OMINT SERVIÃOS DE SAÃDE S.A.,SP,3158483391.0,1052827797.0,819180733.4646235
GEAP AUTOGESTÃO EM SAÃDE,DF,2951274047.0,983758015.6666666,75201063.52674346
PASA - PLANO DE ASSISTENCIA A SAUDE DO APOSENTADO DA VALE,RJ,2931115569.0,977038523.0,31523369.990106817
BIO SAÃDE SERVIÃOS MÃDICOS LTDA,SP,2899859896.0,966619965.3333334,2618142.669249018
CENTRO TRASMONTANO DE SAO PAULO,SP,2854272083.0,951424027.6666666,336800012.9756684
IBBCA 2008 GESTÃO EM SAÃDE LTDA,RJ,2839970419.0,946656806.3333334,34037109.327166766
FUNDAÃÃO CESP,SP,2586102223.0,862034074.3333334,733973405.1996018
DOCTOR CLIN OPERADORA DE PLANOS DE SAÃDE LTDA.,RS,2519881425.0,839960475.0,57697088.629716516
UNIMED-SÃO GONÃALO - NITERÃI - SOC.COOP.SERV.MED E HOSP LTDA,RJ,2179113189.0,726371063.0,505824359.8575458
SUL AMERICA COMPANHIA DE SEGURO SAÃDE,RJ,2024365908.0,674788636.0,726090659.2992854
UNIMED SAÃDE E ODONTO S.A,SP,1708613913.0,569537971.0,14287067.083506782
GAMA SAUDE LTDA.,SP,1686870646.0,562290215.3333334,997835413.126732
POSTAL SAÃDE CAIXA DE ASSISTÃNCIA E SAÃDE DOS EMPREGADOS DOS CORREIOS,DF,1640587038.0,546862346.0,797217556.3024478
CAIXA DE ASSISTÃNCIA DOS FUNCIONÃRIOS DO BANCO DO NORDESTE DO BRASIL,CE,1593905215.0,531301738.3333333,124380486.95675462
HUMANA SAÃDE NORDESTE LTDA. ,PI,1558089185.0,519363061.6666667,402405554.11456853
PROMÃDICA - PROTEÃÃO MEDICA A EMPRESAS S.A.,BA,1515586260.0,505195420.0,79403276.39160132
UNIMED CURITIBA - SOCIEDADE COOPERATIVA DE MÃDICOS,PR,1508814642.0,502938214.0,442942680.93284273
AMEPLAN ASSISTÃNCIA MÃDICA PLANEJADA LTDA,SP,1486277768.0,495425922.6666667,719422.892532854
LIFE EMPRESARIAL SAÃDE LTDA.,SP,1448907943.0,482969314.3333333,18531767.626439806
UNIMED DE JOINVILLE COOPERATIVA DE TRABALHO MÃDICO,SC,1445882390.0,481960796.6666667,269742537.1048221
BIOVIDA SAÃDE LTDA.,SP,1440929747.0,480309915.6666667,1108717.7239718477
SAMEL PLANO DE SAÃDE LTDA,AM,1406612586.0,468870862.0,30681948.775767945
UNIMED DE PRESIDENTE PRUDENTE COOPERATIVA DE TRAB. MÃDICO,SP,1384883768.0,461627922.6666667,505028974.3949125
GRUPO HOSPITALAR DO RIO DE JANEIRO LTDA,RJ,1342973704.0,447657901.3333333,363483743.3605748
PLANO HOSPITAL SAMARITANO LTDA,SP,1322270023.0,440756674.3333333,20795103.62524299
SÃO LUCAS SAÃDE S/A,SP,1246308959.0,415436319.6666667,25753399.13964385
QUALLITY PRÃ SAÃDE PLANO DE ASSISTÃNCIA MÃDICA LTDA.,DF,1220701400.0,406900466.6666667,9086701.155078901
QUALICORP CLUBE DE SAÃDE ADMINISTRADORA DE BENEFÃCIOS LTDA.,SP,1190510711.0,396836903.6666667,110841657.06534752
FUNDACAO LEONOR DE BARROS CAMARGO,SP,1165003995.0,388334665.0,653763471.6079186
PLAMED PLANO DE ASSISTENCIA MEDICA LTDA,SE,1143233883.0,381077961.0,44390464.10780082
FUNDAÃÃO ASSISTENCIAL DOS SERVIDORES DO MINISTÃRIO DA FAZENDA,DF,1134594704.0,378198234.6666667,502774230.2092085
UNIMED CUIABA COOPERATIVA DE TRABALHO MÃDICO,MT,1102257293.0,367419097.6666667,515802695.6833246
UNIMED DE BAURU COOPERATIVA DE TRABALHO MÃDICO,SP,1063298348.0,354432782.6666667,88755118.54470469
MEDISERVICE OPERADORA DE PLANOS DE SAÃDE S.A.,SP,1046148916.0,348716305.3333333,318258267.53901666
OPERADORA UNIESTE DE PLANOS DE SAÃDE LTDA,RJ,1024882093.0,341627364.3333333,19991211.811492436
ITAUSEG SAÃDE S.A.,SP,1013297593.0,337765864.3333333,377128729.50683385
METLIFE PLANOS ODONTOLÃGICOS LTDA.,SP,991444682.0,330481560.6666667,56041904.9901645
UNIMED RONDONOPOLIS COOPERATIVA DE TRABALHO MÃDICO LTDA,MT,979072892.0,326357630.6666667,295238002.06372505
UNIMED VALE DO AÃO COOPERATIVA DE TRABALHO MÃDICO,MG,943687783.0,471843891.5,312900419.55011207
PLENA SAÃDE S.A.,SP,935803628.0,311934542.6666667,72096847.43547939
ASSOCIAÃÃO DOS SERVIDORES FISCAIS DO ESTADO DA BAHIA,BA,879924600.0,293308200.0,91516900.76785503
UNIMED DO EST. DO RJ FEDERAÃÃO EST. DAS COOPERATIVAS MÃDICAS,RJ,810251152.0,270083717.3333333,494001773.21850926
CABERJ INTEGRAL SAÃDE S.A,RJ,806565357.0,268855119.0,92402827.88163386
AFFIX ADMINISTRADORA DE BENEFÃCIOS LTDA,SP,799091464.0,266363821.33333334,19224595.617660787
UNIMED PORTO ALEGRE - COOPERATIVA MÃDICA LTDA.,RS,777020104.0,259006701.33333334,127883952.29264903
TERRAMAR ADMINISTRADORA DE PLANO DE SAUDE LTDA,BA,771876251.0,257292083.66666666,14361879.868896073
UNIMED SEGUROS SAÃDE S/A,SP,757539904.0,252513301.33333334,179050071.51323813
UNIÃO MÃDICA PLANOS DE SAÃDE S/A,BA,755911533.0,251970511.0,19455178.61515265
UNIMED SOROCABA COOPERATIVA DE TRABALHO MÃDICO,SP,732803025.0,244267675.0,419198366.8904123
UNIMED CAMPINAS - COOPERATIVA DE TRABALHO MÃDICO,SP,731184359.0,243728119.66666666,321116311.7914255
UNIMED DO BRASIL - CONF. NACIONAL DAS COOPERATIVAS MÃDICAS,SP,718829236.0,239609745.33333334,286373005.5604763
UNIMED PORTO VELHO - SOCIEDADE COOPERATIVA MÃDICA LTDA,RO,686204425.0,228734808.33333334,225004633.65541133
AUSTACLINICAS ASSISTÃNCIA MÃDICA E HOSPITALAR LTDA,SP,685857728.0,228619242.66666666,50635558.650522016
UNIMED JUNDIAI - COOPERATIVA DE TRABALHO MÃDICO,SP,679870036.0,226623345.33333334,227462585.30232275
ASSOCIAÃÃO DE BENEFICÃNCIA E FILANTROPIA SÃO CRISTOVÃO,SP,658187318.0,219395772.66666666,369752147.0414629
UNIMED DO ESTADO DE SÃO PAULO - FEDERAÃÃO ESTADUAL DAS COOP. MÃDICAS,SP,638502859.0,212834286.33333334,254270083.10098085
UNIMED JOAO PESSOA - COOPERATIVA DE TRABALHO MÃDICO,PB,635911699.0,211970566.33333334,193834610.91016293
UNIMED LITORAL COOPERATIVA DE TRABALHO MÃDICO LTDA,SC,635365508.0,211788502.66666666,39017773.43909496
ADVANCE PLANOS DE SAÃDE LTDA,SP,632760282.0,210920094.0,7649108.284055011
BENEVIX ADMINISTRADORA DE BENEFÃCIOS LTDA,ES,631748756.0,210582918.66666666,83311200.81833723
INTEGRA ASSISTENCIA MEDICA SA,SP,620594066.0,206864688.66666666,66884933.863160074
UNIMED CAMPO GRANDE MS COOPERATIVA DE TRABALHO MÃDICO,MS,614229419.0,204743139.66666666,226323237.8017366
UNIMED UBERABA COOPERATIVA DE TRABALHO MEDICO LTDA.,MG,595613155.0,198537718.33333334,321780126.75288117
PREVIDENT ASSISTÃNCIA ODONTOLÃGICA S.A,SP,595292804.0,198430934.66666666,89037571.49166362
UNIMED COSTA OESTE - COOPERATIVA DE TRABALHO MÃDICO,PR,590444792.0,196814930.66666666,17275701.1777662
UNIMED DE FORTALEZA SOCIEDADE COOPERATIVA MÃDICA LTDA.,CE,588043834.0,196014611.33333334,186995702.18003505
UNIHOSP SAÃDE LTDA,SP,578161711.0,192720570.33333334,17121175.734128606
ZURICH SANTANDER BRASIL ODONTO LTDA.,SP,576508823.0,192169607.66666666,168380.49583111645
ASSOCIAÃÃO ADVENTISTA NORTE BRASILEIRA DE PREVENÃÃO E ASSISTÃNCIA A SAÃDE,PA,574949793.0,191649931.0,205565250.5986601
UNIMED DE PIRACICABA SOCIEDADE COOPERATIVA DE SERVIÃOS MÃDICOS,SP,561889372.0,187296457.33333334,97155182.66454999
SAÃDE BRASIL ASSISTÃNCIA MÃDICA LTDA.,SP,559647179.0,186549059.66666666,27046501.717123356
UNIMED CHAPECÃ - COOPERATIVA DE TRABALHO MÃDICO DA REGIÃO OESTE CATARINENSE,SC,554971689.0,184990563.0,312179983.8586589
CAIXA DE ASSISTENCIA DOS SERVIDORES DO ESTADO DE MATO GROSSO DO SUL,MS,553668288.0,184556096.0,163311962.69672883
UNIMED NORTE DO MATO GROSSO COOPERATIVA DE TRABALHO MÃDICO,MT,552612212.0,184204070.66666666,244388987.181898
UNIMED ANHANGUERA COOPERATIVA DE TRABALHO MÃDICO,SP,541046579.0,180348859.66666666,68562026.10597071
UNIMED SAO JOSE DOS CAMPOS - COOPERATIVA DE TRABALHO MEDICO,SP,540869848.0,180289949.33333334,264763111.3394546
COOPERATIVA DE TRABALHO MÃDICO DE POUSO ALEGRE,MG,536213716.0,178737905.33333334,142313822.6359947
UNIMED DE TUBARAO - COOPERATIVA DE TRABALHO MEDICO DA REGIAO DA AMUREL,SC,534279654.0,178093218.0,247716679.46399015
SUPERMED ADMINISTRADORA DE BENEFÃCIOS LTDA.,RJ,528952859.0,176317619.66666666,6567423.178089126
UNIMED DE LIMEIRA COOPERATIVA DE TRABALHO MÃDICO,SP,525516412.0,175172137.33333334,196597241.30742723
ALVORECER - ASSOCIAÃÃO DE SOCORROS MÃTUOS,SP,523830636.0,174610212.0,10121039.061086219
UNIMED BELÃM COOPERATIVA DE TRABALHO MÃDICO,PA,519333994.0,173111331.33333334,79528769.95821984
UNIMED SAO JOSÃ DO RIO PRETO - COOP. DE TRABALHO MÃDICO,SP,510351805.0,170117268.33333334,214374160.91059574
UNIMED CAMPINA GRANDE - COOPERATIVA DE TRABALHO MEDICO LTDA,PB,501562219.0,167187406.33333334,159320752.70374292
UNIMED SALTO/ITU - COOPERATIVA MÃDICA,SP,493251632.0,164417210.66666666,49501014.70278791
UNIMED DE CASCAVEL COOPERATIVA DE TRABALHO MÃDICO,PR,488481091.0,162827030.33333334,242014590.47861293
PLANO DE SAÃDE ANA COSTA LTDA.,SP,486437171.0,162145723.66666666,268671320.62771016
AMHA SAUDE S/A,SP,466184608.0,155394869.33333334,51225315.349865966
UNIVIDA USA OPERADORA EM SAUDE S/A,SP,452124322.0,150708107.33333334,5474301.89964724
PARANA ASSISTENCIA MEDICA LTDA,PR,431330288.0,143776762.66666666,31270121.924702443
IRMANDADE DA SANTA CASA DE MISERICÃRDIA DE PASSOS,MG,425870262.0,141956754.0,115583303.34903319
UNIMED VALE DO SEPOTUBA - COOPERATIVA DE TRABALHO MÃDICO,MT,422498166.0,140832722.0,142038224.31451914
UNIMED DE RIBEIRAO PRETO - COOPERATIVA DE TRABALHO MÃDICO,SP,422467510.0,140822503.33333334,120871301.46619661
UNIMED NOVA IGUACU COOPERATIVA DE TRABALHO MEDICO,RJ,421666102.0,140555367.33333334,134439070.25107455
UNIMED DE VOLTA REDONDA COOPERATIVA DE TRABALHO MÃDICO,RJ,416005190.0,138668396.66666666,113037295.1270616
UNIMED SERGIPE - COOPERATIVA DE TRABALHO MÃDICO,SE,412080477.0,137360159.0,32460135.435658365
UNIMED REGIONAL JAU - COOPERATIVA DE TRABALHO MÃDICO,SP,410484578.0,136828192.66666666,106326087.83683757
ASSOCIAÃÃO DE SAÃDE PORTUGUESA DE BENEFICÃNCIA,SP,408459114.0,136153038.0,155496661.4539952
MED-TOUR ADMINISTRADORA DE BENEFÃCIOS E EMPREENDIMENTOS LTDA.,SP,406302167.0,135434055.66666666,9486124.805692589
UNIMED DE BOTUCATU COOPERATIVA DE TRABALHO MÃDICO,SP,403931312.0,134643770.66666666,221625462.2078067
SBC SAÃDE LTDA.,SP,400000966.0,133333655.33333333,14694708.393485878
2CARE OPERADORA DE SAÃDE LTDA.,SP,397469779.0,132489926.33333333,1014190.4593153779
ASSOCIAÃÃO DR. BARTHOLOMEU TACCHINI,RS,389145296.0,129715098.66666667,52715943.510378346
UNIMED SANTA MARIA/RS - COOPERATIVA DE ASSISTÃNCIA Ã SAÃDE LTDA,RS,384927777.0,128309259.0,190097842.24829715
GOCARE PLANOS DE SAUDE LTDA,SP,382144761.0,127381587.0,99507033.89071646
"SERVIÃO SOCIAL DA INDÃSTRIA DO PAPEL, PAPELÃO E CORTIÃA DO ESTADO DE SÃO PAULO - SEPACO",SP,378416524.0,126138841.33333333,51491880.357832
ODONTO SEG OPERADORA DE PLANOS ODONTOLOGICOS S.A.,SP,376313156.0,125437718.66666667,4899994.962687343
UNIMED PELOTAS/RS - COOPERATIVA DE ASSISTÃNCIA Ã SAÃDE LTDA.,RS,370522639.0,123507546.33333333,120758304.4386835
UNIMED NOVA FRIBURGO-SOC.COOP.SERV.MED.HOSP.LTDA.,RJ,368194371.0,122731457.0,100021424.60097094
ESMALE ASSISTENCIA INTERNACIONAL DE SAUDE LTDA.,AL,362252005.0,120750668.33333333,32245117.49647894
AMHE MED ASSISTENCIA A SAUDE LTDA - EPP,SP,362228314.0,120742771.33333333,15758293.761652507
BENEFICENCIA SOCIAL BOM SAMARITANO,MG,359055554.0,119685184.66666667,129995763.77090405
FUNDAÃÃO COPEL DE PREVIDÃNCIA E ASSISTÃNCIA SOCIAL,PR,356462472.0,118820824.0,119177201.12185962
SINDIFISCO NACIONAL - SINDICATO NACIONAL DOS AUDITORES-FISCAIS DA RECEITA FEDERAL DO BRASIL,DF,352536308.0,117512102.66666667,197624787.0701608
UNIMED DE MANAUS COOP. DO TRABALHO MÃDICO LTDA,AM,348968516.0,116322838.66666667,114343936.93883006
UNIMED REGIONAL DA BAIXA MOGIANA - COOPERATIVA DE TRABALHO MÃDICO,SP,347671753.0,115890584.33333333,190557809.6459178
UNIMED DE MACAÃ COOPERATIVA DE ASSISTÃNCIA Ã SAÃDE,RJ,343231066.0,114410355.33333333,78155911.12231274
CAIXA DE ASSISTÃNCIA DOS EMPREGADOS DO BANCO DO ESTADO DO RIO GRANDE DO SUL,RS,341158437.0,113719479.0,178390933.99415442
KLINI PLANOS DE SAÃDE LTDA,RJ,331847086.0,110615695.33333333,169745279.5655494
VIDA TOP MAIS SAÃDE OPERADORA DE PLANOS DE SAÃDE LTDA.,SP,322740104.0,107580034.66666667,2053862.6886881555
PREVENT SENIOR CORPORATE OPERADORA DE SAÃDE LTDA.,SP,319698216.0,106566072.0,1153854.1428846195
SANTA CASA DE MISERICÃRDIA DE JUIZ DE FORA,MG,317806954.0,105935651.33333333,103073170.16477151
UNIMED DE GUARULHOS COOPERATIVA DE TRABALHO MÃDICO,SP,311192162.0,103730720.66666667,54633330.079299115
UNIMED UBERLÃNDIA COOPERATIVA REGIONAL TRABALHO MÃDICO LTDA,MG,309506203.0,103168734.33333333,29938113.329316366
AMPLA PLANOS DE SAUDE LTDA,RJ,308115647.0,154057823.5,38477186.50688796
UNIMED DE DOURADOS COOPERATIVA DE TRABALHO MÃDICO LTDA,MS,306496031.0,102165343.66666667,115179148.82301053
UNIMED-RIO COOPERATIVA DE TRABALHO MEDICO DO RIO DE JANEIRO,RJ,304756055.0,304756055.0,
METRUS INSTITUTO DE SEGURIDADE SOCIAL,SP,303934664.0,101311554.66666667,163259023.1975891
UNIMED NORTE CAPIXABA- COOPERATIVA DE TRABALHO MÃDICO,ES,299593402.0,99864467.33333333,120923861.64922242
ASSOCIAÃÃO DE ASSISTÃNCIA Ã SAÃDE DA AMAGIS,MG,295806635.0,98602211.66666667,25420546.22047135
ATÃVIA SERVIÃOS DE SAÃDE S/A,SP,291430978.0,145715489.0,36941618.571620844
UNIMED POÃOS DE CALDAS - SOC. COOP. DE TRAB. E SERVIÃOS MÃDICOS,MG,289956042.0,96652014.0,85204108.24271995
UNIMED DE SANTOS COOP DE TRAB MEDICO,SP,285302038.0,95100679.33333333,59060666.57227913
TECBEN ADMINISTRADORA DE BENEFICIOS LTDA.,SP,284320883.0,94773627.66666667,83721776.9731028
CENTRO HOSPITALAR ATIBAIA LTDA.,SP,283456471.0,94485490.33333333,658340.1556599259
UNIMED NATAL SOC. COOP. DE TRAB. MÃDICO,RN,282523550.0,94174516.66666667,40264026.5949184
ÃNICA ASSISTENCIA MEDICA LTDA ,SP,278765210.0,92921736.66666667,13043755.284741597
UNIMED VALE DO CAÃ/RS - COOPERATIVA DE ASSISTÃNCIA Ã SAÃDE LTDA.,RS,278751027.0,92917009.0,87400423.71840937
OESTE SAÃDE ASSISTÃNCIA A SAÃDE SUPLEMENTAR S.A,SP,278621845.0,92873948.33333333,1970139.0087520073
AURORA SAÃDE LTDA,MG,278212846.0,92737615.33333333,4048297.2347002076
UNIMED - COOPERATIVA DE SERVIÃOS DE SAÃDE DOS VALES DO TAQUARI E RIO PARDO LTDA.,RS,274592366.0,91530788.66666667,241078243.88735172
NOTRE DAME INTERMÃDICA MINAS GERAIS SAÃDE S.A.,CE,269654874.0,89884958.0,39158938.56575129
UNIMED RECIFE COOPERATIVA DE TRABALHO MÃDICO,PE,266591668.0,88863889.33333333,18337551.06325707
UNIMED CENTRO OESTE PAULISTA - FEDERAÃÃO INTRAFEDERATIVA DAS COOPERATIVAS MÃDICAS,SP,264869243.0,88289747.66666667,116432604.25764474
AMESC - ASSOCIAÃÃO MÃDICA ESPÃRITA CRISTÃ,RJ,264853069.0,88284356.33333333,94122820.94883464
UNIMED MACEIO COOPERATIVA DE TRABALHO MÃDICO,AL,263573961.0,87857987.0,81264799.61442305
BENSAUDE PLANO DE ASSISTENCIA MEDICA HOSPITALAR LTDA.,SP,259545374.0,86515124.66666667,71178538.77291733
UNIX SAÃDE S.A,BA,257336656.0,85778885.33333333,12900491.784841474
UNIMED DE CAMPOS COOPERATIVA DE TRABALHO MÃDICO,RJ,255205255.0,85068418.33333333,60955584.23325381
GARANTIA DE SAÃDE LTDA,SP,252674466.0,84224822.0,5908161.691864822
PORTOMED - PORTO SEGURO SERVIÃOS DE SAUDE LTDA,SP,251855867.0,83951955.66666667,143936642.27553213
UNIMED VALE DO SÃO FRANCISCO COOPERATIVA DE TRABALHO MÃDICO,PE,249482482.0,83160827.33333333,139399642.8119644
LIVRI OPERADORA DE PLANO DE SAÃDE LTDA,SP,248655047.0,82885015.66666667,3206381.5622301316
UNIMED ITAJUBA COOPERATIVA DE TRABALHO MEDICO,MG,236964001.0,78988000.33333333,95656853.83176744
UNIMED COSTA VERDE RJ,RJ,233344235.0,77781411.66666667,40757035.46182882
SAUDE PAS - MEDICINA E ODONTO,RS,232821731.0,77607243.66666667,23124888.456475336
UNIMED CURVELO COOPERATIVA DE TRABALHO MÃDICO LTDA.,MG,231283023.0,77094341.0,21725304.83742341
TEMPO MED PLANO DE SAUDE LTDA,SC,230879966.0,76959988.66666667,73734172.1600226
ABERTTA SAÃDE - ASSOCIAÃÃO BENEFICENTE DOS EMPREGADOS DA ARCELORMITTAL NO BRASIL,MG,227593606.0,75864535.33333333,127234036.74820648
HBC SAÃDE LTDA.,SP,227051311.0,75683770.33333333,12654849.401850674
UNIMED ALTO DA SERRA - SOCIEDADE COOPERATIVA DE SERVIÃO MÃDICO LTDA.,RS,226597782.0,75532594.0,1879756.8841371483
COOPERATIVA CENTRAL UNIMED DE COOPERATIVAS DE ASSISTÃNCIA Ã SAÃDE DO RIO GRANDE DO SUL LTDA.,RS,223692195.0,74564065.0,83294404.26512785
UNIMED PLANALTO MÃDIO/RS - COOPERATIVA DE ASSISTÃNCIA Ã SAÃDE LTDA.,RS,222636362.0,74212120.66666667,108040184.30598061
UNIMED DE ARARAQUARA - COOP. DE TRAB. MÃDICO,SP,221567794.0,73855931.33333333,41395221.1034113
ASSOCIAÃÃO SANTA SAÃDE,SP,221007352.0,73669117.33333333,105190292.43099682
UNIMED FEDERAÃAO DO ESTADO DO MATO GROSSO,MT,218133137.0,72711045.66666667,124714445.87563962
UNIODONTO DE FORTALEZA COOPERATIVA DE TRABALHO ODONTOLOGICO LTDA,CE,216351499.0,72117166.33333333,1192044.2365656307
MEDHEALTH PLANOS DE SAÃDE LTDA,PR,215690323.0,71896774.33333333,19745840.81672873
UNIMED PALMAS COOPERATIVA DE TRABALHO MÃDICO,TO,215256911.0,71752303.66666667,95520739.72443123
SULMED - ASSISTÃNCIA MÃDICA LTDA,RS,215180136.0,71726712.0,18153627.25671129
IRMANDADE DA SANTA CASA DE MISERICÃRDIA DE PIRACICABA,SP,213857994.0,71285998.0,61838690.996176325
ASSOCIACAO DOS AUDITORES FISCAIS DA RECEITA ESTADUAL DE SAO PAULO,SP,213786163.0,71262054.33333333,85267908.75143132
SF SISTEMAS DE SAÃDE LTDA,SP,211710513.0,70570171.0,60441777.961392954
CONFERÃNCIA SÃO JOSÃ DO AVAÃ,RJ,210478665.0,70159555.0,52859510.062624045
CAIXA DE ASSISTÃNCIA Ã SAÃDE DOS SERVIDORES PÃBLICOS DO ESTADO DO MATO GROSSO DO SUL,MS,205314042.0,68438014.0,53518596.3224796
SERV  SOCIAL AUTÃNOMO DE ASSIST Ã SAÃDE DOS SERV PÃBLICOS E MILITARES DE GOIÃS,GO,203905400.0,101952700.0,223437.25757357478
AMAZÃNIA PLANOS DE SAÃDE LTDA,PA,201919578.0,67306526.0,6818336.158483461
VITA ASSISTÃNCIA A SAÃDE LTDA.,MG,199441450.0,66480483.333333336,5894941.347349382
HOSPITAIS E CLÃNICAS DO PIAUÃ S/S LTDA,PI,199136462.0,66378820.666666664,27446959.654427525
ALLIANZ SAÃDE S/A,SP,198372016.0,66124005.333333336,98994560.61425395
CENTRAL REGIONAL DAS COOPERATIVAS MÃDICAS - UNIMED CERRADO,GO,195745986.0,65248662.0,37924824.53813416
RESOLVE ADMINISTRADORA DE BENEFÃCIOS LTDA,PI,195538602.0,65179534.0,54092279.67258491
ASSOCIAÃAO DOS FUNCIONARIOS PUBLICOS DO ESTADO DO RIO GRANDE DO SUL,RS,194145131.0,64715043.666666664,57721085.79982386
UNIMED DE MINEIROS COOPERATIVA DE TRABALHO MÃDICO ,GO,192443023.0,64147674.333333336,102359958.60500479
SEMPRE ODONTO PLANOS ODONTOLOGICOS LTDA,RJ,191901558.0,63967186.0,19304126.444973134
MATÃO CLINICAS & AMHMA SAÃDE LTDA,SP,191772139.0,63924046.333333336,875964.1014666824
CARE PLUS ODONTOLOGIA ASSISTENCIAL LTDA.,SP,190950440.0,63650146.666666664,39511705.13268767
BEST SENIOR OPERADORA DE SAÃDE LTDA,ES,190931436.0,63643812.0,11291079.357669177
UNIMED DE BEBEDOURO COOPERATIVA DE TRABALHO MÃDICO,SP,190498302.0,63499434.0,51726904.669547535
ASSOCIAÃÃO DE ASSISTÃNCIA Ã SAÃDE DOS EMPREGADOS DA COPASA,MG,187295882.0,62431960.666666664,86284709.70919558
CENTRAL OPERADORA DE PLANOS DE SAÃDE NORTE-NORDESTE LTDA,PB,186664921.0,62221640.333333336,48641225.76838798
UNIMED GRANDE FLORIANÃPOLIS-COOPERATIVA DE TRABALHO MEDICO,SC,186361884.0,62120628.0,54330791.88828701
UNIMED SÃO CARLOS - COOPERATIVA DE TRABALHO MÃDICO,SP,186097175.0,62032391.666666664,55438310.26662852
VIVENTERIS LTDA,PR,185293404.0,61764468.0,18607737.952092163
UNIMED DIVINOPOLIS - COOPERATIVA DE TRABALHO MEDICO LTDA,MG,183872942.0,61290980.666666664,59297539.50260342
UNIMED VIÃOSA - COOPERATIVA DE TRABALHO MÃDICO,MG,183440304.0,61146768.0,85808736.95566654
UNIMED DE MOCOCA COOPERATIVA DE TRAB. MÃDICO,SP,181395022.0,60465007.333333336,68855021.42790528
XP ADMINISTRADORA DE BENEFÃCIOS LTDA.,SP,180133685.0,60044561.666666664,28687.04568848795
ASSOCIAÃÃO SANTA CASA SAÃDE DE SÃO JOSÃ DOS CAMPOS,SP,179875108.0,59958369.333333336,9993724.728388425
UNIMED DE CRICIÃMA COOPERATIVA DE TRABALHO MÃDICO DA REGIÃO CARBONÃFERA,SC,177429608.0,59143202.666666664,24743586.710941005
UNIMED DE MARILIA COOPERATIVA DE TRABALHO MÃDICO,SP,175615491.0,58538497.0,55757080.12126853
CAIXA DE ASSISTÃNCIA DOS FUNCIONÃRIOS DO BANCO DA AMAZÃNIA - CASF,PA,174232079.0,58077359.666666664,86469127.17137507
VITTA SAUDE ADMINISTRADORA DE BENEFICIOS LTDA.,SP,173892858.0,57964286.0,47327.996492562415
NOVA SAÃDE OPERADORA INTEGRADA DE SAÃDE LTDA,RJ,173592600.0,57864200.0,5119134.599194673
UNIMED SUL CAPIXABA COOPERATIVA DE TRABALHO MÃDICO,ES,171262436.0,57087478.666666664,90097732.41753627
CAIXA DE ASSISTENCIA A SAUDE DA UNIVERSIDADE,MG,170387139.0,56795713.0,70978472.82945752
UNIMED OESTE DO PARÃ - COOPERATIVA DE TRABALHO MÃDICO,PA,169963710.0,56654570.0,73751174.31310602
SAÃDE SANTA TEREZA LTDA.,SP,168263373.0,56087791.0,10334697.299828138
CAIXA DE ASSISTÃNCIA OSWALDO CRUZ,RJ,166954044.0,55651348.0,96048584.22365034
PLAMER PLANO MEDICO RESENDE LTDA,RJ,166353022.0,55451007.333333336,6652759.532402875
UNIMED TRÃS RIOS COOPERATIVA DE TRABALHO MÃDICO,RJ,166147906.0,55382635.333333336,6552078.084593417
SV SAUDE ADMINSTRADORES DE PLANO DE SAUDE LTDA,RJ,165802284.0,55267428.0,3697911.836988951
NOSSA SAÃDE - OPERADORA PLANOS PRIVADOS DE ASSISTÃNCIA  Ã SAÃDE LTDA.,PR,164047179.0,54682393.0,27397202.568731666
AMPARA ASSISTÃNCIA MÃDICA PARAÃSO LTDA,MG,163262604.0,54420868.0,592662.6860904945
SUL AMÃRICA ODONTOLÃGICO S/A,SP,161610510.0,53870170.0,23227572.775662743
PRONTOMED PLANOS DE SAÃDE LTDA,MG,159813174.0,53271058.0,37033769.92625239
UNIMED CONSELHEIRO LAFAIETE COOPERATIVA DE TRABALHO MÃDICO LTDA,MG,159189669.0,53063223.0,8027998.333537633
UNIMED GUAXUPÃ COOPERATIVA DE TRABALHO MEDICO,MG,158272528.0,52757509.333333336,58422972.37003733
UNIMED CENTRO PAULISTA - FEDERAÃÃO INTRAFEDERATIVA DAS COOPERATIVAS MÃDICAS,SP,156756552.0,52252184.0,86511683.77639908
UNIMED ALTO SÃO FRANCISCO COOPERATIVA DE TRABALHO MÃDICO,MG,155002898.0,51667632.666666664,88309861.51174614
UNIMED ITABIRA COOPERATIVA DE TRABALHO MÃDICO,MG,154235297.0,51411765.666666664,71974687.0814383
SAMP ESPIRITO SANTO ASSISTENCIA MEDICA SA,ES,152548378.0,50849459.333333336,28449078.14791239
UNIMED PATOS DE MINAS COOPERATIVA TRABALHO MÃDICO LTDA.,MG,152524243.0,50841414.333333336,62729938.30624978
SERMED-SAÃDE LTDA.,SP,151855967.0,50618655.666666664,20373074.27472919
UNIMED CENTRO RONDÃNIA COOPERATIVA DE TRABALHO MÃDICO,RO,150788915.0,50262971.666666664,49785969.825935304
SAMOC S.A. - SOCIEDADE ASSISTENCIAL MÃDICA E ODONTO CIRÃRGICA,RJ,149780477.0,49926825.666666664,7147816.590615929
PB ASSISTENCIA MEDICA EU LTDA,BA,148876883.0,49625627.666666664,25420158.377697658
MEDGOLD ASSISTENCIA MEDICA LTDA - ME,MG,148869837.0,49623279.0,2604748.5045906063
AMEP FREGUESIA OPERADORA DE PLANO DE SAUDE LTDA,RJ,146820519.0,48940173.0,615828.4955237132
AME-ASSISTÃNCIA MÃDICA A EMPRESAS LTDA,MG,146690317.0,48896772.333333336,3502291.3956854497
CORPORE ADMINISTRADORA DE BENEFICIOS DA SAUDE LTDA,SP,145177674.0,48392558.0,4964538.976924141
ODILE SERVIÃOS DE SAÃDE LTDA.,SP,144827082.0,48275694.0,60066014.15702263
ASSISTÃNCIA MÃDICA SÃO MIGUEL LTDA,SP,144027946.0,48009315.333333336,5208958.196698484
PORTO DIAS SAUDE LTDA.,PA,141209609.0,47069869.666666664,1453047.8353868246
PLANO DE SAUDE ASES LTDA.,RJ,138862317.0,46287439.0,2313725.1794145736
CAIXA DE ASSISTÃNCIA DOS MAGISTRADOS DE PERNAMBUCO,PE,138044992.0,46014997.333333336,41763625.58335605
UNITY SERVIÃOS INTEGRADOS DE SAÃDE LTDA.,DF,137960597.0,45986865.666666664,13649884.196886813
UNIMED GOVERNADOR VALADARES COOP. DE TRABALHO MÃDICO LTDA.,MG,137502178.0,45834059.333333336,59718825.101495706
UNIMED NORTE/NORDESTE-FEDERAÃÃO INTERFEDERATIVA DAS SOCIEDADES COOPERATIVAS DE TRABALHO MÃDICO EM RECUPERAÃÃO JUDICIAL,PB,137437269.0,45812423.0,5099381.317820526
UNIMED DE CATALÃO COOPERATIVA DE TRABALHO MÃDICO,GO,137247495.0,45749165.0,58591134.612523325
UNIMED VERTENTE DO CAPARAÃ - COOPERATIVA DE TRABALHO MÃDICO LTDA,MG,137021009.0,45673669.666666664,55923825.81928683
UNIMED DE TATUI - COOPERATIVA DE TRABALHO MÃDICO,SP,136894040.0,45631346.666666664,70296207.4712194
PRONTOCLINICA E HOSPITAIS SAO LUCAS S/A,MG,136722367.0,45574122.333333336,71373870.22444656
SANTA HELENA ASSISTÃNCIA MÃDICA S/A.,SP,136086374.0,45362124.666666664,57786388.24422861
UNIMED MISSÃES/RS - COOPERATIVA DE ASSISTÃNCIA Ã SAÃDE LTDA.,RS,134450884.0,44816961.333333336,42592990.63693457
OPERADORA UNICENTRAL DE PLANOS DE SAÃDE LTDA.,SP,133972180.0,44657393.333333336,21758353.293295667
UNIMED DO ESTADO DO PARANÃ FEDERAÃÃO ESTADUAL DAS COOPERATIVAS MÃDICAS,PR,133685671.0,44561890.333333336,28917341.581737254
UNIMED DE CAÃAPAVA - COOPERATIVA DE TRABALHO MEDICO,SP,133635837.0,44545279.0,20995480.52361491
ASSOCIAÃÃO PETROBRAS DE SAÃDE - APS,RJ,133287955.0,44429318.333333336,56834252.32414824
UNIMED OS BANDEIRANTES COOPERATIVA DE TRABALHO MÃDICO,SP,133277207.0,44425735.666666664,74169112.02737896
ODONTOART PLANOS ODONTOLÃGICOS LTDA,CE,132008470.0,44002823.333333336,9199421.03227156
CARE PLUS MEDICINA ASSISTENCIAL LTDA.,SP,130145858.0,43381952.666666664,69713117.15955459
UNIMED DE ASSIS COOPERATIVA DE TRABALHO MÃDICO,SP,129346697.0,43115565.666666664,8177984.798638435
UNIMED CATAGUASES COOPERATIVA DE TRABALHO MÃDICO LTDA,MG,127051048.0,42350349.333333336,54950372.886816934
UNIMED DE SOBRAL SOCIEDADE COOPERATIVA MÃDICA LTDA,CE,126947613.0,42315871.0,64678209.31573561
UNIMED DE SANTA BÃRBARA D'OESTE E AMERICANA - COOP DE TRABALHO MÃDICO,SP,125389626.0,41796542.0,15308162.24735667
DONA SAÃDE CLINICAS LTDA ,SP,125180660.0,41726886.666666664,270426.2472862683
UNIMED EXTREMO SUL COOPERATIVA DE TRABALHO MÃDICO,BA,123711999.0,41237333.0,22505611.762820423
UNIMED JUIZ DE FORA COOPERATIVA DE TRABALHO MÃDICO LTDA,MG,123446884.0,41148961.333333336,7779087.1765966425
UNIMED ARAXÃ COOPERATIVA DE TRABALHO MÃDICO LTDA.,MG,122474275.0,40824758.333333336,62184221.76254045
UNIMED GURUPI COOPERATIVA DE TRABALHO MÃDICO,TO,121990599.0,40663533.0,15536556.774332626
FUNDAÃÃO AFFEMG DE ASSISTÃNCIA E SAÃDE - FUNDAFFEMG,MG,121136634.0,40378878.0,68496681.16612375
UNIMED VITORIA COOPERATIVA DE TRABALHO MEDICO,ES,120572574.0,40190858.0,45185341.17810514
ASSOCIAÃÃO PLANO DE SAÃDE SANTA CASA DE VALINHOS,SP,120097536.0,40032512.0,5444879.25128657
UNIMED NORTE DO PARANÃ COOPERATIVA REGIONAL DE TRABALHO MÃDICO,PR,118852705.0,39617568.333333336,4132990.857404638
UNIMED NORDESTE PAULISTA - FED. INTRAFEDERATIVA DAS COOP. MÃDICAS,SP,116889252.0,38963084.0,38078001.84769112
ANGELI SISTEMAS DE SAUDE S.A.,PR,116565614.0,38855204.666666664,524124.31009287713
UNIMED SUDOESTE DE MINAS COOPERATIVA DE TRABALHO MÃDICO,MG,116214613.0,38738204.333333336,1798330.8903792792
UNIMED DE BARRETOS COOPERATIVA DE TRABALHO MÃDICO,SP,114935344.0,38311781.333333336,23154760.266219348
HOSPITAL DE CLÃNICAS DE PASSO FUNDO,RS,114896280.0,38298760.0,61432555.366505995
OPERADORA DE PLANOS PRIVADOS DE SAÃDE - SANTA CASA SAÃDE LTDA,MS,114874590.0,38291530.0,29767981.608471896
INSTITUIÃÃO BENEFICENTE CEL MASSOT - IBCM,RS,114308331.0,38102777.0,40343291.40480474
UNIMED RESENDE COOPERATIVA DE TRABALHO MÃDICO,RJ,113974943.0,37991647.666666664,15542351.665193988
UNIMED DO ESTADO DE SANTA CATARINA FED. EST. DAS COOP. MÃD.,SC,113939771.0,37979923.666666664,57621275.26968569
VOCÃ TOTAL PLANOS DE SAÃDE LIMITADA,SP,113772928.0,37924309.333333336,107371.90620145178
UNIMED SERRA GAUCHA/RS COOPERATIVA DE ASSISTENCIA A SAUDE LTDA,RS,113143993.0,37714664.333333336,47927268.91693059
UNIMED PATROCÃNIO COOPERATIVA DE TRABALHO MÃDICO LTDA.,MG,112310142.0,37436714.0,49788710.257344365
CAIXA DE PREVIDÃNCIA E ASSISTÃNCIA DOS SERVIDORES DA FUNDAÃÃO NACIONAL DE SAÃDE - CAPESESP,RJ,112268308.0,37422769.333333336,43084070.47648238
UNIMED APUCARANA COOPERATIVA DE TRABALHO MÃDICO,PR,112239104.0,37413034.666666664,56914529.52341525
ODONT-OPERADORA ODONTOLOGICA LTDA,SP,111903679.0,37301226.333333336,748377.0314689863
VALEM ADMINISTRADORA DE BENEFÃCIOS LTDA,MG,111798031.0,37266010.333333336,1885057.5003519997
SISTEMAS E PLANOS DE SAÃDE LTDA.,SP,110904855.0,36968285.0,18381381.71191108
UNIMED VILHENA - COOPERATIVA DE TRABALHO MEDICO LTDA,RO,108034611.0,36011537.0,1664329.8165631115
ELOSAÃDE - ASSOCIAÃÃO DE ASSISTÃNCIA Ã SAÃDE,SC,107452701.0,35817567.0,27606758.15798282
SAMIG - SERV. DE ASSISTENCIA MEDICA DA ILHA DO GOVERNADOR LTDA,RJ,107023153.0,35674384.333333336,6698343.71319749
UNIMED FRONTEIRA NOROESTE/RS - COOPERATIVA DE ASSISTÃNCIA Ã SAÃDE LTDA.,RS,106827632.0,35609210.666666664,25945613.872379903
UNIMED METROPOLITANA DO AGRESTE - COOPERATIVA DE TRABALHO MÃDICO,AL,106534703.0,35511567.666666664,46122615.82898119
G2C ADMINISTRADORA DE BENEFICIOS LTDA - ME,RJ,105540000.0,35180000.0,19574473.172987312
LIV LINHAS INTELIGENTES DE ATENÃÃO Ã VIDA S/A,SP,105536799.0,35178933.0,19870846.422438603
EXCELÃNCIA PLANO DE SAÃDE S/A,ES,103214497.0,34404832.333333336,15914307.603826888
EVO SAUDE ASSISTENCIA MEDICA LTDA,DF,103171943.0,34390647.666666664,7770687.640982769
UNIMED DE RIO CLARO SP COOPERATIVA DE TRABALHO MEDICO,SP,103038192.0,34346064.0,51294531.63040311
CONFIANÃA ASSISTÃNCIA MÃDICO HOSPITALAR LTDA,MG,102000719.0,34000239.666666664,144626.39517851872
SÃO FRANCISCO ASSISTÃNCIA MÃDICA LTDA,PE,101797525.0,33932508.333333336,5495746.542229939
NOVODENTE S/A,RS,100442293.0,100442293.0,
PRIMA VIDA ODONTOLOGIA DE GRUPO LIMITADA,RJ,98409649.0,32803216.333333332,1137523.4292138051
PLADISA PLANOS DE SAÃDE SA,SC,97841560.0,32613853.333333332,25201514.537086383
HEALTH-MED SISTEMA DE SAUDE LTDA,RJ,97762526.0,32587508.666666668,1383828.689402822
UNIMED DE ARACATUBA - COOPERATIVA DE TRABALHO MÃDICO,SP,97063269.0,32354423.0,50289510.78093455
AME VVIDA PLANOS DE SAUDE INTEGRADO LTDA.,RO,96701459.0,32233819.666666668,5632311.392735786
UNIMED ALTO VALE - COOPERATIVA DE TRABALHO MÃDICO,SC,96315064.0,32105021.333333332,33656936.39392702
UNIMED NORTE PAULISTA - COOPERATIVA DE TRABALHO MÃDICO,SP,95686687.0,31895562.333333332,21947478.97579069
UNIMED TERESINA - COOPERATIVA DE TRABALHO MÃDICO,PI,94961337.0,31653779.0,18095563.94815036
ARL ADMINISTRADORA DE BENEFÃCIOS LTDA.,SP,92938636.0,30979545.333333332,4479588.976423433
UNIODONTO DE SÃO JOSÃ DOS CAMPOS COOPERATIVA DE TRABALHO ODONTOLÃGICO,SP,92757672.0,30919224.0,43588887.972968854
UNIMED DE BARRA MANSA SOC. COOP. SERV.MED.E HOSPIT.,RJ,92668969.0,30889656.333333332,50616433.178747095
UNIMED ALFENAS COOPERATIVA DE TRABALHO MEDICO,MG,92465151.0,30821717.0,17494074.290164743
SANTA CASA DE SAÃDE - SCS,ES,92456799.0,30818933.0,18003746.389586
GS PLANO GLOBAL DE SAÃDE LTDA,RJ,89962886.0,29987628.666666668,1142478.1407407026
SELECT OPERADORA DE PLANO DE SAUDE LTDA,GO,89852847.0,29950949.0,1889359.9010514116
ATITUDE SAÃDE ASSISTÃNCIA MEDICA LTDA,BA,89813242.0,29937747.333333332,2084063.4942269227
SAÃDE BRB - CAIXA DE ASSISTÃNCIA ,DF,89659037.0,29886345.666666668,51029655.1420351
UNIMED ARARUAMA COOPERATIVA DE TRABALHO MÃDICO LTDA,RJ,89297673.0,29765891.0,40846420.930361435
ORALE ASSISTÃNCIA ODONTOLÃGICA LTDA,BA,88298180.0,29432726.666666668,22168045.183610674
UNIMED ERECHIM - COOPERATIVA DE SERVIÃOS DE SAÃDE LTDA.,RS,88103814.0,29367938.0,37492571.282635935
REAL GRANDEZA - FUNDAÃÃO DE PREVIDÃNCIA E ASSISTÃNCIA SOCIAL,RJ,88050670.0,29350223.333333332,51356257.42423423
ASSOCIAÃÃO DOS EMPREGADOS DA COMPANHIA ESTADUAL DE HABITAÃÃO E OBRAS PÃBLICAS - ASSEC,SE,88016597.0,29338865.666666668,39829282.941821806
UNIMED PONTA GROSSA COOPERATIVA DE TRABALHO MEDICO,PR,86676378.0,28892126.0,31907874.60400995
SAMEDIL SERVIÃOS DE ATENDIMENTO MÃDICO S/A,ES,86576487.0,28858829.0,35015592.79807116
UNIMED DO CARIRI - SOCIEDADE COOPERATIVA MÃDICA LTDA,CE,86088680.0,28696226.666666668,61614256.76872705
UNIMED NOROESTE/RS - SOCIEDADE COOPERATIVA DE ASSISTÃNCIA Ã SAÃDE LTDA.,RS,85142264.0,28380754.666666668,17351564.880025934
PLANO ODONTOLÃGICO DENTALVIDAS LTDA.,SP,85074684.0,28358228.0,7351939.026894334
HOSPITAL CESAR LEITE,MG,84684751.0,28228250.333333332,31186206.960911043
UNIMED DE UBA COOPERATIVA DE TRABALHO MEDICO,MG,84342254.0,28114084.666666668,37574641.07096902
COOPERATIVA DE TRABALHO MEDICO DE ARAGUAÃNA - UNIMED ARAGUAÃNA,TO,84141570.0,28047190.0,25657686.339799307
ON MED ASSISTÃNCIA MÃDICA LTDA,RS,84078660.0,28026220.0,2389665.3781071524
SUL AMÃRICA PARANÃ CLÃNICAS SERVIÃOS DE SAÃDE S.A.,SP,83409289.0,27803096.333333332,32968474.84174232
SANTA CASA DE MISERICORDIA DE SAO JOAQUIM DA BARRA,SP,82452592.0,27484197.333333332,16086055.837574054
AMPLITUDE PLANOS DE SAUDE LTDA ,MG,81264326.0,27088108.666666668,66091.30923452329
UNIMED OESTE DO PARANA - COOPERATIVA DE TRABALHO MEDICO,PR,81205571.0,27068523.666666668,35908366.61868697
ASSOCIAÃÃO EVANGELICA BENEFICENTE DE LONDRINA,PR,79847331.0,26615777.0,32947788.685280096
UNIMED VALE DO SINOS - COOPERATIVA DE ASSISTÃNCIA Ã SAÃDE LTDA,RS,79591808.0,26530602.666666668,53513444.90088873
SERVDONTO - PLANO DE ASSISTÃNCIA ODONTOLÃGICA LTDA,SE,79299649.0,26433216.333333332,2260496.7274119942
CEDPLAN SAÃDE LTDA EPP,MG,78810900.0,26270300.0,9153016.668314386
EXTRAMED ADMINISTRAÃÃO E SERVIÃOS MÃDICOS LTDA,PR,78360063.0,26120021.0,10283354.0814917
UNIMED NORTE FLUMINENSE COOPERATIVA DE TRABALHO MEDICO,RJ,78180457.0,26060152.333333332,55682708.60786877
UNIMED REGIÃO DA CAMPANHA/RS - COOPERATIVA DE ASSISTÃNCIA Ã SAÃDE LTDA.,RS,77886903.0,25962301.0,42327653.586398914
UNIMED DE LORENA COOPERATIVA DE TRABALHO MÃDICO,SP,77576753.0,25858917.666666668,10592897.99593753
IRMANDADE SANTA CASA DE MISERICÃRDIA DE MARINGÃ,PR,77425108.0,25808369.333333332,14346170.50371528
PROASA SAÃDE,DF,77161592.0,25720530.666666668,43282904.017875984
SALUSMED OPERADORA DE PLANOS DE SAUDE LTDA,SP,76925973.0,25641991.0,499611.56780442945
R.M.I. OPERADORA DE SAÃDE INTEGRADA LTDA,SP,76244176.0,38122088.0,27757325.37462675
CAIXA DE ASSISTÃNCIA AOS MEMBROS DA DEFENSORIA PÃBLICA DO ESTADO DO RIO DE JANEIRO,RJ,76218288.0,25406096.0,34526431.92717367
S1 OPERADORA DE PLANO DE SAÃDE LTDA,DF,76056517.0,25352172.333333332,9145474.733604446
BRADESCO SAÃDE - OPERADORA DE PLANOS  S/A,SP,75868420.0,25289473.333333332,41354118.44285111
LEADER ASSISTÃNCIA MÃDICA E HOSPITALAR LTDA.,SP,75711626.0,25237208.666666668,163723.22264521132
UNIMED PARÃ DE MINAS COOPERATIVA DE TRABALHO MÃDICO LTDA.,MG,75648184.0,25216061.333333332,30053445.81339089
UNIMED LITORAL SUL/RS - COOPERATIVA DE ASSISTÃNCIA Ã SAÃDE LTDA.,RS,75355710.0,25118570.0,9163454.611896487
ODONTOGROUP SISTEMA DE SAÃDE LTDA.,DF,75237142.0,25079047.333333332,10347802.22839504
ELETROS SAÃDE - ASSOCIAÃÃO DE ASSISTÃNCIA Ã SAÃDE,RJ,74813401.0,24937800.333333332,19421551.704052314
ASSOCIAÃÃO SÃO FRANCISCO VIDA,SP,74063347.0,24687782.333333332,18608830.106993355
CAIXA DE ASSISTÃNCIA DOS EMPREGADOS DA SANEAGO,GO,73891117.0,24630372.333333332,1838069.606996518
YOU ASSISTÃNCIA MÃDICA LTDA.,MG,71798680.0,71798680.0,
NACIONAL ODONTO OPERADORA DE PLANOS ODONTOLÃGICOS LTDA.,PE,71399953.0,23799984.333333332,737640.6912924022
ASSOCIACAO DE SAUDE HOLAMBRA,SP,70940324.0,23646774.666666668,7756786.427856406
INNOVA PLANO DE SAUDE LTDA,RO,70880055.0,23626685.0,16903042.735515077
AIRES OPERADORA DE SAUDE LTDA,PE,70382536.0,23460845.333333332,7375469.298125533
UNIMED BLUMENAU - COOPERATIVA DE TRABALHO MEDICO,SC,69741701.0,23247233.666666668,10415960.065267932
COOPERATIVA DE TRABALHO MÃDICO DO PLANALTO NORTE DE SANTA CATARINA LTDA,SC,68948253.0,22982751.0,36865712.96309617
ECONOMUS INSTITUTO DE SEGURIDADE SOCIAL,SP,68676709.0,22892236.333333332,2591564.5791896316
INTERMEDICI PIRACICABA ASSISTENCIA MEDICA LTDA,SP,68173363.0,22724454.333333332,268643.86076054897
UNIMED REGIONAL MARINGÃ COOP.DE TRABALHO MÃDICO,PR,66907180.0,22302393.333333332,16303532.853484128
UNIMED PATO BRANCO SOCIEDADE COOPERATIVA DE MÃDICOS,PR,66622726.0,22207575.333333332,13537675.44279321
ASSOCIAÃÃO DOS FUNCIONÃRIOS DO FISCO DO ESTADO DE GOIÃS,GO,66464011.0,22154670.333333332,17450012.103549108
UNIMED JOÃO MONLEVADE COOPERATIVA DE TRABALHO MÃDICO LTDA.,MG,66397884.0,22132628.0,4445233.012112301
MAIS SAÃDE PLANO DE SAÃDE LTDA,GO,64891641.0,21630547.0,125474.95665271218
UNIMED DE LENÃOIS PAULISTA - COOPERATIVA DE TRABALHO MÃDICO,SP,64574026.0,21524675.333333332,23398062.567535423
UNIODONTO DE MANAUS - COOPERATIVA ODONTOLÃGICA LTDA.,AM,64070525.0,21356841.666666668,6892537.346443059
FUNDAÃÃO SANEPAR DE ASSISTÃNCIA SOCIAL,PR,63482981.0,21160993.666666668,37097774.920431636
"UNIMED VALE DAS ANTAS, RS - COOPERATIVA DE ASSISTÃNCIA Ã SAÃDE LTDA.",RS,63095430.0,21031810.0,18225503.173150446
CAIXA DE ASSISTÃNCIA Ã SAÃDE - CABERJ,RJ,62657485.0,20885828.333333332,18861405.80387168
FUNDAÃAO COMPESA DE PREVIDENCIA E ASSISTENCIA - COMPESAPREV,PE,62456513.0,20818837.666666668,32572477.723609917
LANCERS ADMINISTRADORA DE BENEFÃCIOS DE SAÃDE LTDA.,SP,62274075.0,20758025.0,1224348.8089564182
MAIS SAUDE S/A,ES,61895938.0,30947969.0,142272.7128018581
UNIMED RIO BRANCO COOPERATIVA DE TRABALHO MEDICO LTDA,AC,61742829.0,20580943.0,5164372.778175197
UNIMED ITUIUTABA COOPERATIVA TRABALHO MÃDICO LTDA.,MG,61638905.0,20546301.666666668,24340130.02629087
DENTAL GOLD ASSISTÃNCIA ODONTOLÃGICA LTDA.,PB,61205691.0,20401897.0,4728537.965543578
ASSOCIAÃÃO POLICIAL DE ASSISTÃNCIA Ã SAÃDE,SP,60956869.0,6772985.444444444,9014268.154023059
DENTAL CENTER LTDA,PB,60575976.0,20191992.0,722448.6821823402
PERSONAL CARE OPERADORA DE SAÃDE SA,SP,60476953.0,30238476.5,9273593.005283361
UNIMED FRANCA - SOCIEDADE COOPERATIVA DE SERVIÃOS MÃDICOS E HOSPITALARES,SP,59544006.0,19848002.0,33360747.692113154
SUL DO PARÃ LTDA,PA,59205844.0,19735281.333333332,471594.8206440926
TOTAL ASSISTÃNCIA MÃDICA HOSPITALAR LTDA,MG,58710917.0,19570305.666666668,14023141.968537733
BENEFICENCIA CAMILIANA DO SUL,SP,58705185.0,29352592.5,19583495.546122823
MÃTUA DOS MAGISTRADOS DO ESTADO DO RIO DE JANEIRO,RJ,58362079.0,19454026.333333332,37341356.73745636
POLICLIN SAÃDE S/A.,SP,57368134.0,19122711.333333332,649716.355115317
UNIMED MARANHÃO DO SUL - COOPERATIVA DE TRABALHO MÃDICO,MA,56854536.0,18951512.0,17737889.505506087
UNIMED DE TUPA COOPERATIVA DE TRABALHO MÃDICO,SP,56615781.0,18871927.0,25987892.336523235
CAIXA DE ASSISTÃNCIA DOS EMPREGADOS DA EMPRESA BRASILEIRA DE PESQUISA  AGROPECUÃRIA,DF,56392068.0,18797356.0,30540311.519321032
UNIODONTO DE CAMPINAS COOPERATIVA ODONTOLÃGICA,SP,55738749.0,18579583.0,7659595.035519763
ASSOCIAÃÃO ASSISTENCIAL DE SAÃDE SUPLEMENTAR CRUZ AZUL SAÃDE,SP,55034339.0,18344779.666666668,27407020.245938037
CARING SAÃDE ASSISTÃNCIA MÃDICA LTDA.,RJ,54651861.0,18217287.0,132595.89181795943
UNIMED ALTA MOGIANA COOPERATIVA DE TRABALHO MÃDICO,SP,54484267.0,18161422.333333332,14317022.317083616
UNIMED SÃO JOÃO DEL REI - COOPERATIVA DE TRABALHO MÃDICO,MG,54335263.0,18111754.333333332,8306297.329471437
UNIMED VARGINHA COOPERATIVA DE TRABALHO MÃDICO,MG,54167214.0,18055738.0,12205583.692198543
ASSISTÃNCIA MÃDICA 12 DE OUTUBRO LTDA,SP,54097497.0,18032499.0,862030.9443001451
UNIMED DO SUDOESTE COOPERATIVA DE TRABALHO MEDICO LTDA,BA,54063522.0,18021174.0,2374176.6540274546
INTERCLINICAS PLANO VIDA USA OPERADORA DE SAUDE LTDA,SP,53811766.0,17937255.333333332,6479839.702100996
RIO DOCE SAÃDE,ES,53656130.0,17885376.666666668,2650533.8714791657
UNIMED CAMPO BELO- COOPERATIVA DE TRABALHO MÃDICO,MG,53608535.0,17869511.666666668,13576536.319448724
ASSOCIAÃÃO FCA SAÃDE,MG,53443459.0,17814486.333333332,23653429.131541252
IRMANDADE DE MISERICÃRDIA DO HOSPITAL DA SANTA CASA DE MONTE ALTO,SP,52529087.0,17509695.666666668,19309967.216044318
UNICOR ADMINISTRADORA DE BENEFICIOS LTDA,MG,52382729.0,17460909.666666668,4718701.673765924
UNIMED NOROESTE CAPIXABA COOPERATIVA DE TRABALHO MÃDICO.,ES,52165714.0,17388571.333333332,13972429.172474997
SOBAM CENTRO MÃDICO HOSPITALAR S.A.,SP,51626128.0,17208709.333333332,9623572.97168013
PLANO VIDA SAUDE SERVIÃOS ODONTOLOGICOS LTDA,SE,51315215.0,17105071.666666668,2177714.9670630298
UNIMED AMPARO COOPERATIVA DE TRABALHO MÃDICO,SP,51048972.0,17016324.0,6085521.223008182
CAMIM OPERADORA DE PLANO DE SAÃDE LTDA,RJ,51005378.0,17001792.666666668,477152.72267727193
PLATINUM ADMINISTRADORA DE BENEFICIOS,DF,50991685.0,16997228.333333332,23969982.783247765
UNIMED CAÃADOR COOPERATIVA DE TRABALHO MÃDICO DA REGIÃO DO CONTESTADO,SC,50903039.0,16967679.666666668,25476937.903034292
DENTALPAR ASSISTÃNCIA ODONTOLÃGICA EMPRESARIAL LTDA.,SP,50873439.0,16957813.0,221535.75270596842
IRMANDADE DE MISERICORDIA DE PORTO FERREIRA,SP,49943471.0,16647823.666666666,1269293.503805299
SERVIX ADMINISTRADORA DE BENEFÃCIOS LTDA,DF,49934059.0,16644686.333333334,7316388.231156704
UNIC ASSISTENCIA MEDICA LTDA,SP,49590000.0,49590000.0,
CLÃNICA SÃO GABRIEL S/S LTDA,SP,49524249.0,16508083.0,390036.0617032738
UNIMED SÃO SEBASTIÃO DO PARAÃSO COOPERATIVA DE TRABALHO MÃDICO,MG,49376271.0,16458757.0,20208966.328668248
ASSOCIAÃÃO DA SANTA CASA SAÃDE DE RIBEIRÃO PRETO,SP,49298342.0,16432780.666666666,2943416.24286446
UNIMED DO OESTE DA BAHIA COOPERATIVA DE TRABALHO MÃDICO,BA,48899659.0,16299886.333333334,23709578.669557717
VIDAMAX ADMINISTRADORA DE BENEFÃCIOS LTDA,SP,48173649.0,16057883.0,1532240.8904486918
ODONTO PRIME S/S LTDA,CE,48046937.0,16015645.666666666,155866.5651136679
UNIMED DE PARANAVAÃ COOPERATIVA DE TRABALHO MÃDICO,PR,47798118.0,15932706.0,22008976.794647746
UNIMED DE BIRIGUI - COOPERATIVA DE TRABALHO MÃDICO,SP,46558174.0,15519391.333333334,6407114.373169277
SANTA CASA DE MAUÃ SAÃDE,SP,46368237.0,15456079.0,84352.20609444664
SÃO DOMINGOS SAÃDE- ASSISTÃNCIA MÃDICA  LTDA,SP,46297604.0,15432534.666666666,5272561.86602465
FUNDAÃÃO CELESC DE SEGURIDADE SOCIAL - CELOS,SC,45506150.0,15168716.666666666,26045495.754445802
UNIMED DE CAPIVARI -COOPERATIVA DE TRABALHO MÃDICO,SP,45379111.0,15126370.333333334,13594874.308162851
CEMIG SAÃDE,MG,44508406.0,14836135.333333334,9918186.195141193
"FEDERAÃÃO DAS SOCIEDADES COOPERATIVAS DE TRABALHO MÃDICO DO ACRE, AMAPÃ, AMAZONAS, PARÃ, RONDONIA E RORAIMA",AM,44233701.0,44233701.0,
ODONTOLIVE OPERADORA DE PLANOS ODONTOLÃGICOS LTDA.,SP,43618169.0,14539389.666666666,1324017.678133617
UNIMED VALE DO CORUMBÃ COOPERATIVA DE TRABALHO MEDICO,GO,43478216.0,14492738.666666666,11478211.161112621
AESP ODONTO ASSISTÃNCIA ODONTOLÃGICA S/S LTDA EPP,SP,43169889.0,14389963.0,7215640.961986468
PLENUM ASSISTENCIA MEDICA  LTDA,DF,43111535.0,21555767.5,5742745.803096329
UNIMED DO CEARÃ - FEDERAÃÃO DAS SOCIEDADES COOPERATIVAS MÃDICAS DO ESTADO DO CEARÃ LTDA.,CE,42947751.0,14315917.0,2025016.211930907
HOSPITAL DE PRONTOCLINICA LTDA.,RS,42854275.0,14284758.333333334,4580710.372006763
FEDERAÃÃO DAS COOP ODONTOLÃGICAS DO ESTADO DE SANTA CATARINA,SC,42808278.0,14269426.0,18213123.839342855
ASSOCIAÃÃO SAÃDE RURAL ALEGRETE,RS,42535986.0,14178662.0,24382036.45827655
CAIXA DE ASSISTÃNCIA Ã SAÃDE DO SINDICATO DOS FUNCIONÃRIOS INTEGRANTES DO GRUPO OCUPACIONAL ADMINISTRAÃÃO TRIBUTÃRIA DO ESTADO DE PERNAMBUCO,PE,42402867.0,14134289.0,18518395.18585266
HSMED SAUDE LTDA,RJ,41912815.0,13970938.333333334,2911906.3292046906
MEDIATORIE ADMINISTRADORA DE BENEFÃCIOS S/A,ES,41841861.0,13947287.0,1333472.9697699163
SANTA CASA DE MISERICÃRDIA E BENEFICÃNCIA PORTUGUESA,SP,41712935.0,13904311.666666666,7792632.045070031
UNIMED DE CIANORTE - COOPERATIVA DE TRABALHO MEDICO ,PR,41696539.0,13898846.333333334,5066122.159306301
POLIMÃDICA SAÃDE SOCIEDADE SIMPLES LTDA,RS,41681046.0,13893682.0,5316168.088674116
UNIMED NOROESTE DO PARANÃ COOP DE TRABALHO MÃDICO .,PR,41624158.0,13874719.333333334,17891282.0800348
UNIMED MARQUES DE VALENÃA COOPERATIVA DE TRABALHO MÃDICO LTDA.,RJ,41486132.0,13828710.666666666,9995732.132775685
"ASSOC DE ASSIST Ã SAÃDE DOS SERV DAS UNIV E INST FED, EST E/OU FAC PART EM PE",PE,41411500.0,13803833.333333334,465533.954078898
UNIMED CENTRO SUL FLUMINENSE COOPERATIVA DE TRABALHO MÃDICO,RJ,41305628.0,13768542.666666666,9695160.905326242
UNIMED DE AVARÃ COOPERATIVA DE TRABALHO MÃDICO,SP,40701858.0,13567286.0,5677240.522620386
UNIMED SUDOESTE PAULISTA COOPERATIVA DE TRABALHO MÃDICO,SP,38086516.0,12695505.333333334,8134897.0060624825
UNIMED DE JABOTICABAL COOP. DE TRABALHO MÃDICO,SP,37632558.0,12544186.0,14262629.819247361
UNIMED EXTREMO OESTE CATARINENSE COOPERATIVA DE TRABALHO MÃDICO,SC,37623621.0,12541207.0,13374129.346982218
QUALI ADMINISTRADORA DE BENEFÃCIOS S/A,ES,37097618.0,37097618.0,
ASSOCIAÃÃO POLICIAL DE ASSISTÃNCIA A SAÃDE,SP,36651057.0,12217019.0,15623619.15086207
SAUDIA ASSISTENCIA MÃDICA LTDA,MG,36612632.0,12204210.666666666,2567650.311965657
UNIODONTO PORTO ALEGRE COOPERATIVA ODONTOLOGICA LTDA,RS,36434133.0,12144711.0,8838767.59384859
UNIMED REGIONAL DE FLORIANO - COOPERATIVA DE TRABALHO MÃDICO,PI,36231603.0,12077201.0,17189300.104207356
UNIODONTO DO BRASIL CENTRAL NACIONAL DAS COOPERATIVAS ODONTÃLOGICAS,SP,36221798.0,12073932.666666666,4853939.766174723
ASSOCIAÃÃO BENEFICENTE DOS PROFESSORES PÃBLICOS ATIVOS E INATIVOS DO RIO DE JANEIRO - APPAI,RJ,36180041.0,12060013.666666666,17726790.724768326
CEAM BRASIL - PLANOS DE SAÃDE LTDA,MG,36106194.0,36106194.0,
FOX SAÃDE ASSISTÃNCIA MÃDICA INTEGRADA LTDA,PE,36000000.0,18000000.0,0.0
UNIMED DE SÃO ROQUE - COOPERATIVA DE TRABALHO MÃDICO,SP,35918337.0,11972779.0,25774625.06537707
OPLAN SAÃDE OPERADORA DE PLANO DE SAÃDE LTDA,RJ,35581584.0,11860528.0,4783410.18500515
UNIMED VALE DO PIQUIRI-COOPERATIVA DE TRABALHO MÃDICO VALE DO PIQUIRI ,PR,35580134.0,11860044.666666666,8601735.118102413
PESSOAL SAÃDE PLANOS DE ASSISTÃNCIA MÃDICA LTDA,SP,35323145.0,11774381.666666666,160364.28939864828
UNIMED DE PINDAMONHANGABA - COOPERATIVA TRABALHO MEDICO,SP,35189132.0,11729710.666666666,4361291.030062352
UNIMED INTRAFEDERATIVA FEDERAÃÃO REGIONAL SUL DE MINAS,MG,35006193.0,11668731.0,12912606.079615029
INSTITUTO CURITIBA DE SAÃDE,PR,34884329.0,11628109.666666666,15089465.686793564
UNIMED BARRA DO GARÃAS - COOPERATIVA DE TRABALHO MÃDICO,MT,34520083.0,11506694.333333334,6125981.028822268
ODONTO EMPRESAS CONVENIOS DENTARIOS LTDA.,SP,34387423.0,11462474.333333334,6802517.77334498
UNIMED DE BRUSQUE COOPERATIVA DE TRABALHO MÃDICO,SC,34241956.0,11413985.333333334,15744759.840840455
FUNDAÃÃO PLAMHUV - PLANO MÃDICO HOSPITALAR DOS HOSPITAIS UNIDOS DE VIÃOSA,MG,33964515.0,11321505.0,4699436.278908035
PLANO DE ASSISTÃNCIA ODONTOLÃGICA FAUCHARD LTDA. ME,BA,33390914.0,11130304.666666666,680736.2336928551
UNIMED LAVRAS COOPERATIVA DE TRABALHO MÃDICO,MG,33337895.0,11112631.666666666,12600696.164453467
UNIMED MONTES CLAROS COOPERATIVA DE  TRABALHO MÃDICO LTDA.,MG,32962039.0,10987346.333333334,5096894.580603109
ASSOCIAÃÃO DOS AUDITORES FISCAIS DO ESTADO DA PARAÃBA - AFRAFEP,PB,32709244.0,10903081.333333334,18463657.504571903
PLAMEDH PLANOS DE SAÃDE LTDA,MG,32654250.0,16327125.0,10362119.548202964
DENTAL MASTER LTDA - EPP,AL,32410927.0,10803642.333333334,63842.95557329187
UNIMED LEOPOLDINA COOPERATIVA DE TRABALHO MÃDICO LTDA,MG,31714806.0,10571602.0,11285675.107811185
FUNDO DE ASSISTÃNCIA MÃDICO-HOSPITALAR DO MINISTÃRIO PÃBLICO,MS,31510124.0,10503374.666666666,7643358.915492215
UNIMED REGIÃO DA PRODUÃÃO/RS - COOPERATIVA DE ASSISTÃNCIA Ã SAÃDE LTDA,RS,31360357.0,10453452.333333334,7362928.92323295
UNIMED ALTO JACUÃ/RS - COOPERATIVA DE ASSISTÃNCIA Ã SAÃDE LTDA,RS,31278953.0,10426317.666666666,5980933.444588255
CAIXA DE ASSISTÃNCIA DOS EMPREGADOS DO BANESE,SE,31187020.0,10395673.333333334,13603406.188376548
SD-M OPERADORA DE PLANOS DE SAUDE LTDA,RJ,30891156.0,10297052.0,67481.6022112694
ASSOCIAÃÃO SANTA CASA SAÃDE DE ARAÃATUBA,SP,30826400.0,10275466.666666666,7944811.1624576915
UNIMED CARATINGA - COOPERATIVA DE TRABALHO MÃDICO LTDA,MG,30690093.0,10230031.0,9816282.218532993
UNIMED DE SAO JOSÃ DO RIO PARDO-COOP. DE TRAB. MÃDICO,SP,29877026.0,9959008.666666666,11634268.528423449
SISTEMA TOTAL DE SAÃDE LTDA.,SP,29859246.0,9953082.0,2074024.3598270488
CIRCULO OPERARIO CAXIENSE,RS,29431531.0,9810510.333333334,5526736.707447744
UNIMED SÃO LOURENÃO COOPERATIVA DE TRABALHO MÃDICO,MG,29075726.0,9691908.666666666,5993362.65596087
CENTRO DE ENDOCRINOLOGIA DE JUNDIAÃ S/S LTDA,SP,29001316.0,9667105.333333334,258640.31727735978
UNIMED DE DRACENA - COOPERATIVA DE TRABALHO MÃDICO,SP,28632027.0,9544009.0,7701933.795435338
SALUPLAN ADMINISTRADORA DE BENEFÃCIOS LTDA,SP,28204320.0,9401440.0,413590.9076611815
DESBAN - FUNDAÃÃO BDMG DE SEGURIDADE SOCIAL,MG,28113146.0,9371048.666666666,15813806.733921353
ALMA ODONTO OPERADORA DE PLANOS ODONTOLOGICOS LTDA,SP,27903320.0,9301106.666666666,211578.71077292552
UNIMED REGIONAL DE CAMPO MOURÃO COOP TRAB MEDICO ,PR,27894988.0,9298329.333333334,3595205.274179255
PLAMEDH - PLANO DE ASSISTÃNCIA MÃDICO-HOSPITALAR LTDA,MG,27853253.0,13926626.5,1224842.5881967447
UNIMED RIO VERDE COOPERATIVA TRABALHO MEDICO,GO,27671255.0,9223751.666666666,17285878.565130163
FUNDAÃÃO DE ASSISTÃNCIA Ã SAÃDE DA ASSOCIAÃÃO DO MINISTÃRIO PÃBLICO DO RIO GRANDE DO SUL,RS,27308020.0,9102673.333333334,15753735.26634548
UNIMED FRANCISCO BELTRAO COOPERATIVA DE TRABALHO MEDICO,PR,26941618.0,8980539.333333334,4689949.622436507
ASSOCIAÃÃO SÃO LUIZ SAÃDE,SP,26505414.0,8835138.0,102767.89346386351
PLANO DE SAÃDE DA SANTA CASA DE BRAGANÃA PAULISTA,SP,26151697.0,8717232.333333334,7241922.532812702
NEXO - ADMINISTRADORA DE BENEFICIOS LTDA,SP,26140181.0,8713393.666666666,178819.82252908492
HOSPITAL S.P. LTDA.,RS,25507715.0,8502571.666666666,1288726.007351576
IRMANDADE DA SANTA CASA DE MISERICORDIA DE LIMEIRA,SP,25447734.0,8482578.0,3176333.295767779
FUNDACAO CAPITAL PREVIDENCIA E SAUDE - CAPITAL PREV,ES,25126156.0,12563078.0,18856846.454824623
MH VIDA - OPERADORA DE PLANOS DE SAÃDE LTDA,RJ,24900063.0,8300021.0,120366.03028678814
DENTAL UNI - COOPERATIVA ODONTOLÃGICA,PR,24839822.0,8279940.666666667,28363.949818975147
UNIMED LESTE PAULISTA COOPERATIVA DE TRABALHO MÃDICO,SP,24765819.0,8255273.0,4375335.110253728
PD BRASIL ASSISTENCIA ODONTOLOGICA LTDA,MG,24415196.0,8138398.666666667,742657.6879063015
UNIMED ANÃPOLIS COOPERATIVA DE TRABALHO MÃDICO.,GO,24397780.0,8132593.333333333,5573454.905938716
SISTEMA PREVSAUDE DENTAL LTDA,CE,24089792.0,8029930.666666667,324.4708512845025
EGRÃGORA  ADMINISTRADORA DE BENEFICIOS S/A,ES,24009810.0,8003270.0,2765645.1987823746
UNIMED CACERES COOPERATIVA DE TRABALHO MÃDICO ,MT,23987012.0,7995670.666666667,3650131.2994757234
CASA DE SAÃDE NOSSA SENHORA DE FÃTIMA  LTDA.,CE,23947782.0,7982594.0,2995132.757963827
UNIODONTO BELÃM - COOPERATIVA DE ASSISTÃNCIA Ã SAÃDE ODONTOLÃGICA,PA,23717463.0,7905821.0,12987463.471860701
UNIMED DE IBITINGA COOPERATIVA DE TRABALHO MÃDICO,SP,23676944.0,7892314.666666667,11341869.104583351
ASSOCIAÃÃO DOS FUNCIONÃRIOS FISCAIS DO ESTADO DO AMAZONAS - AFFEAM,AM,23408007.0,7802669.0,2482214.291213392
UNIMED PLANALTO CENTRAL/RS - COOPERATIVA DE ASSISTÃNCIA  Ã SAÃDE LTDA.,RS,23364463.0,7788154.333333333,10603887.886441952
SANTA CASA DE MISERICÃRDIA E ASILO DOS POBRES DE BATATAIS,SP,23297131.0,7765710.333333333,11061980.47280962
UNIMED DE PARANAGUÃ COOPERATIVA DE TRABALHO MÃDICO,PR,23083148.0,7694382.666666667,8571732.61592476
ASSOCIAÃÃO BENEFICENTE CATÃLICA,MG,22904470.0,7634823.333333333,5185598.2947187815
UNIMED REGIONAL SUL GOIAS COOP. DE TRABALHO MÃDICO LTDA,GO,22874781.0,7624927.0,6120448.352815012
ASSOCIAÃÃO POLICIAL DE ASSISTÃNCIA Ã SAÃDE DE BARRETOS,SP,22698313.0,7566104.333333333,12414681.09711588
VCT PLANOS DE SAUDE LTDA,MG,22685488.0,7561829.333333333,113234.6582514972
UNIMED VALE DO URUCUIA - COOPERATIVA DE TRABALHO MEDICO LTDA,MG,22551659.0,7517219.666666667,4664556.122062884
SAME-SERVIÃO DE ASSISTÃNCIA MÃDICA EMPRESARIAL LTDA.,MA,22060493.0,7353497.666666667,970073.387936363
UNIMED CABO FRIO COOPERATIVA TRABALHO MÃDICO LTDA.,RJ,21681344.0,7227114.666666667,7020215.219543225
UNIODONTO DE SOROCABA COOPERATIVA ODONTOLÃGICA,SP,21679614.0,7226538.0,1891681.432554911
IRMANDADE DA SANTA CASA DE MISERICÃRDIA E MATERNIDADE DONA ZILDA SALVAGNI,SP,21665189.0,7221729.666666667,8703094.486164121
ASSOCIAÃÃO FUNDO DE PROTEÃÃO Ã SAÃDE,PR,21594483.0,7198161.0,11779375.516135862
UNIMED DE PENAPOLIS - COOPERATIVA DE TRABALHO MEDICO,SP,21481101.0,7160367.0,682022.2219436842
EVANGELICO SAUDE LTDA.,PR,21056198.0,7018732.666666667,7341471.368224243
MAXIMED PLANOS DE SAUDE LTDA,RJ,21029173.0,21029173.0,
UNIMED FRUTAL COOPERATIVA DE TRABALHO MEDICO LTDA,MG,20964090.0,6988030.0,4996336.9027505545
PRESERVE SAUDE ASSISTENCIA MEDICA LTDA,BA,20794777.0,6931592.333333333,152783.52025114934
UNIMED CALDAS NOVAS - COOPERATIVA DE TRABALHO MEDICO,GO,20398293.0,6799431.0,13065454.792893663
PRONTO SOCORRO CONDE DE MOREIRA LIMA,SP,20280260.0,6760086.666666667,3894652.6910265484
UNIODONTO DE JUNDIAÃ COOPERATIVA ODONTOLÃGICA,SP,20268021.0,6756007.0,11009685.118707664
BRASIL ODONTO OPERADORA DE PLANOS ODONTOLÃGICOS LTDA,TO,19950120.0,6650040.0,26739.587356576765
ASSOCIAÃÃO HOSPITAL SAÃDE DE VARGEM GRANDE DO SUL,SP,19901930.0,6633976.666666667,1135836.150134487
UNIODONTO REGIONAL COOPERATIVA ODONTOLOGICA,MG,19777729.0,6592576.333333333,2654731.434348366
UNIMED TEOFILO OTONI COOPERATIVA DE TRABALHO MÃDICO,MG,19644044.0,6548014.666666667,4754286.044941168
UNIMED SUL PAULISTA - COOPERATIVA DE TRABALHO MÃDICO,SP,19497563.0,6499187.666666667,5857398.409998618
UNIODONTO DO SUL GOIANO COOPERATIVA ODONTOLOGICA,GO,19400098.0,6466699.333333333,6255185.6384688
UNIMED ENCOSTA DA SERRA/RS SOCIEDADE COOPERATIVA DE SERVIÃOS DE SAÃDE LTDA.,RS,19359554.0,6453184.666666667,5004038.703859746
ASSOCIAÃÃO SAÃDE CONCEIÃÃO,SC,19121778.0,6373926.0,1303969.6882723155
UNIODONTO PAULISTA-FEDERAÃÃO DAS COOPERATIVAS ODONTOLÃGICAS DO ESTADO DE SÃO PAULO,SP,18896098.0,6298699.333333333,11044927.85369648
COOPERATIVA DOS USUÃRIOS DE SERVIÃOS DE SAÃDE LTDA.,RS,18805570.0,6268523.333333333,1373830.616284749
ELITE SAUDE SERVICOS MEDICOS LTDA.,SP,18369623.0,9184811.5,2194517.9162277305
SANTA CASA DE MISERICÃRDIA DE TUPÃ,SP,18359054.0,6119684.666666667,7526521.377297106
UNIMED SOUSA - COOPERATIVA DE TRABALHO MÃDICO,PB,18339560.0,6113186.666666667,8684937.421053207
UNIMED VALE DO JAURU COOPERATIVA DE TRABALHO MÃDICO,MT,18190716.0,6063572.0,2839177.3287568707
UNIMED MORRINHOS COOPERATIVA DE TRABALHO MEDICO,GO,18157384.0,6052461.333333333,1950255.0912289226
UNIMED TRÃS CORAÃÃES COOPERATIVA DE TRABALHO MÃDICO LTDA.,MG,17788158.0,5929386.0,3571814.779667613
SEPACO SAÃDE LTDA,SP,17425411.0,5808470.333333333,5133830.68327719
VIVER SAUDE LTDA,RN,17253364.0,8626682.0,6429499.929799984
"VOCÃ CLUBE DE BENEFÃCIOS SOCIAIS, SAÃDE E ODONTOLÃGICO LTDA",SP,17252800.0,5750933.333333333,3506460.7301632985
ASSOCIAÃÃO SANTA CASA CLÃNICAS DE BIRIGUI,SP,17157412.0,5719137.333333333,760866.9680964822
UNIMED DE CORUMBA COOPERATIVA DE TRABALHO MÃDICO,MS,17137043.0,5712347.666666667,4086727.434476189
NOSAMED ASSISTÃNCIA MÃDICA LTDA.,SP,17021329.0,5673776.333333333,641186.6150087145
NOVAMED PLANOS DE SAUDE LTDA,GO,16920000.0,16920000.0,
SAGRADA SAÃDE ASSISTÃNCIA MÃDICA LTDA,MG,16740811.0,5580270.333333333,4051734.651573118
UNIMED CARUARU-COOPERATIVA DE TRABALHO MEDICO,PE,16719411.0,5573137.0,9685459.152022118
UNIODONTO DE AMERICANA COOPERATIVA ODONTOLÃGICA,SP,16661215.0,5553738.333333333,5596564.972279008
UNIMED DE GUARATINGUETA-COOPERATIVA DE TRABALHO MÃDICO,SP,16483819.0,5494606.333333333,4602101.984953216
CAIXA ASSISTENCIAL UNIVERSITARIA DO RIO DE JANEIRO,RJ,16195740.0,5398580.0,8777774.01821595
ASSOCIAÃÃO DO PLANO DE SAÃDE DA SANTA CASA DE MISERICÃRDIA DE ITABUNA - PLANSUL,BA,16037599.0,5345866.333333333,3231663.950178813
SANTA CASA DA MISERICÃRDIA DE SÃO JOÃO DEL REI,MG,15938851.0,5312950.333333333,7083832.703395834
UNIMED BARBACENA - COOPERATIVA DE TRABALHO MÃDICO LTDA,MG,15789802.0,5263267.333333333,4333181.092555715
BEDOIS SERVIÃOS DE ADMINISTRAÃÃO DE BENEFÃCIOS LTDA.,RJ,15731666.0,5243888.666666667,5730.980224475738
UNIMED PARAIBA - FEDERAÃAO DAS SOCIEDADES COOPERATIVAS DE TRABALHO MEDICO,PB,15511646.0,5170548.666666667,7652631.318587112
ASSOCIAÃÃO GOIANA DO MINISTÃRIO PÃBLICO,GO,15371234.0,5123744.666666667,8181511.733859539
LIFE CLASS ADMINISTRADORA DE BENEFICIOS LTDA.,SP,15119791.0,5039930.333333333,34537.60417766881
G & M ASSESSORIA MEDICA EMPRESARIAL LTDA,RJ,15009441.0,5003147.0,1067162.8618795727
HEALTH ADMINISTRADORA DE BENEFICIOS LTDA,SP,14947622.0,4982540.666666667,693432.9000049921
SAUDE SALV ASSISTENCIA MEDICA LTDA,RO,14928640.0,7464320.0,24890.158697766474
UNIBEN ADMINISTRADORA DE BENEFÃCIOS LTDA,MG,14399080.0,4799693.333333333,10183560.164958095
SAUDE INTEGRAL ASSISTENCIA MEDICA LTDA,BA,14344836.0,4781612.0,16.0
ASSOCIAÃÃO POLICIAL DE ASSISTÃNCIA Ã SAÃDE DE DRACENA,SP,14344793.0,4781597.666666667,3998418.577274562
PLANO DE ASSISTÃNCIA MÃDICA MINEIRA LTDA,MG,14319264.0,4773088.0,292872.33062206476
FUNDAÃÃO FILANTRÃPICA E BENEFICENTE DE SAÃDE ARNALDO GAVAZZA FILHO,MG,14313100.0,4771033.333333333,3952055.973535083
ESPLENDOR ADMINISTRADORA DE BENEFÃCIOS LTDA.,DF,14084609.0,4694869.666666667,998349.5111779909
IRMANDADE DA SANTA CASA DE MISERICÃRDIA DE RIO CLARO,SP,14048705.0,4682901.666666667,6212558.979289801
UNIMED INCONFIDENTES COOPERATIVA DE TRABALHO MÃDICO LTDA.,MG,13952823.0,4650941.0,4428748.368235544
LUMINAR SAÃDE - ASSOCIAÃÃO DE ASSISTÃNCIA Ã SAÃDE,DF,13938484.0,4646161.333333333,2171737.0708224173
BEMSTAR ASSISTENCIA MEDICA LTDA,BA,13914533.0,4638177.666666667,38893.95750413324
ANAFE SAUDE,GO,13910280.0,4636760.0,1444760.5576011548
ASSOCIAÃÃO SAÃDE SÃO JOSÃ,SC,13894032.0,4631344.0,2933520.837724525
UNIMED NORTE PIONEIRO - COOPERATIVA DE TRABALHO MÃDICO,PR,13703513.0,4567837.666666667,4670337.26805349
FILOSANITAS SAUDE LTDA,SP,13683552.0,4561184.0,159333.7068796179
EVOLUÃÃO ADMINISTRADORA DE BENEFICIOS LTDA ,MG,13670030.0,4556676.666666667,2659643.259618352
AP ADMINISTRAÃÃO DE BENEFICIOS - SOCIEDADE SIMPLES UNIPESSOAL LIMITADA,SP,13658349.0,6829174.5,54835.423774235576
CAIXA ASSISTENCIAL E BENEFICENTE DOS FUNCIONÃRIOS DA ACARESC,SC,13134932.0,4378310.666666667,5507299.755926341
SANUS ADMINISTRADORA DE BENEFÃCIOS LTDA,ES,13000941.0,4333647.0,83281.79706874726
UNIMED SÃO JOÃO NEPOMUCENO COOPERATIVA DE TRABALHO MÃDICO LTDA.,MG,12900198.0,4300066.0,1354463.0108264307
VITACARE PLANOS DE SAUDE LTDA,BA,12900080.0,4300026.666666667,9.2376043069668
MEDIC GLOBAL PLANOS DE SAÃDE LTDA.,MG,12831643.0,4277214.333333333,244632.62727267877
UNIODONTO MACEIÃ COOPERATIVA ODONTOLÃGICA,AL,12663712.0,4221237.333333333,2371055.132737392
CROWN ODONTOLOGIA DE GRUPO LTDA,SP,12455555.0,4151851.6666666665,141771.36228566518
VALE PLANOS DE SAÃDE LTDA,PE,12164613.0,4054871.0,709756.7644277862
PLURICLUB ADMINISTRADORA DE BENEFÃCIOS LTDA.,SP,12151426.0,4050475.3333333335,12212.85193283419
DENTAL PLUS CONVÃNIO ODONTOLÃGICO LTDA.,SP,11988586.0,3996195.3333333335,1187185.5260793627
"ASSOCIAÃÃO DOS SERVIDORES MUNICIPAIS, ESTADUAIS E FEDERAIS DO RIO DE JANEIRO",RJ,11513444.0,3837814.6666666665,30038.01145770691
UNICONSULT - ADMINISTRADORA DE BENEFICIOS E SERVICOS LTDA,SP,11451916.0,3817305.3333333335,2867703.6533872066
BIORAL SISTEMA ODONTOLÃGICO LTDA.,SP,11381184.0,3793728.0,297142.6980240302
GESTAO VIDA ADMINISTRADORA DE BENEFICIOS LTDA.,SP,11342046.0,3780682.0,1045302.0423585711
UNIDENTIS ASSISTENCIA ODONTOLOGICA LTDA.,PB,11314869.0,3771623.0,3981620.095875045
ASSOCIAÃÃO DE ASSISTÃNCIA MÃDICO HOSPITALAR DOS MAGISTRADOS DO ESTADO DO PARANÃ,PR,11302042.0,3767347.3333333335,5655587.680857077
COOPERATIVA ODONTOLÃGICA POÃOS DE CALDAS,MG,11078165.0,3692721.6666666665,2332758.5399827245
UNIMED DE LINS - COOPERATIVA DE TRABALHOS MÃDICOS,SP,11057305.0,3685768.3333333335,2697801.4473960707
SANTA CASA DE MISERICORDIA HOSPITAL SÃO VICENTE,SP,11033326.0,3677775.3333333335,6029358.986283395
A.P.S. ADMINISTRADORA DE BENEFÃCOS LTDA.,SP,11005865.0,3668621.6666666665,94522.56892580388
MEDICAL LIFE PLANOS DE SAÃDE LTDA,BA,10840040.0,5420020.0,5.656854249492381
ASSOCIAÃÃO POLICIAL DE ASSISTÃNCIA Ã SAÃDE DE BAURU,SP,10837906.0,3612635.3333333335,3105311.437795947
UNIODONTO GOIANIA COOPERATIVA DE CIRURGIÃES DENTISTAS,GO,10682271.0,3560757.0,1595857.8092339556
UNIMED NOROESTE DE MINAS COOPERATIVA DE TRABALHO MEDICO LTDA,MG,10592323.0,3530774.3333333335,419524.2063401507
CAIXA DE ASSISTÃNCIA DO SINDFISCO - CASSIND,SE,10577336.0,3525778.6666666665,1745096.9778016158
FUNDAÃÃO DE SEGURIDADE SOCIAL DA ARCELORMITTAL BRASIL - FUNSSEST,ES,10532961.0,3510987.0,6067231.431895029
ÃNIX OPERADORA DE PLANOS DE SAÃDE LTDA,RJ,10424168.0,3474722.6666666665,432776.7856254923
UNIMED GUARAPUAVA COOPERATIVA DE TRABALHO MÃDICO,PR,10274471.0,3424823.6666666665,2145039.018620485
ASSOCIAÃÃO POLICIAL DE ASSISTÃNCIA A SAÃDE DA BAIXADA SANTISTA,SP,10237068.0,3412356.0,2319842.868352079
PRO-SAUDE JARINU ASSISTENCIA MEDICA SUPLEMENTAR LTDA.,SP,10148514.0,3382838.0,289049.4741821891
QUALITY GOLD SAÃDE ADMINISTRADORA DE PLANOS DE SAÃDE LTDA-ME,RJ,10127473.0,3375824.3333333335,2061716.9009057316
CLICSAUDE ADMINISTRADORA DE BENEFICIOS LTDA,SP,10123384.0,3374461.3333333335,38488.18054069765
SOCIEDADE BENEFICENTE DEZOITO DE JULHO,MG,10003792.0,3334597.3333333335,970404.8053829563
UNIMED REGIONAL DE TRES LAGOAS COOPERATIVA DE TRABALHO MÃDICO,MS,9685763.0,3228587.6666666665,4396447.050048634
CASE - CENTRAL DE ADMINISTRAÃÃO DE PLANO DE SAÃDE LTDA,RJ,9599898.0,3199966.0,287.52043405643366
SAUDE VIVA ADMINISTRADORA DE BENEFICIOS LTDA,SP,9525773.0,3175257.6666666665,113204.09763048915
UNIMED ITAÃNA COOPERATIVA DE TRABALHO MÃDICO LTDA.,MG,9457014.0,3152338.0,2226397.830067888
CAIXA DE ASSISTÃNCIA DOS SERVIDORES FAZENDÃRIOS ESTADUAIS,CE,9442194.0,3147398.0,5214618.3756415965
UNIMED CAJAZEIRAS - SOCIEDADE COOPERATIVA DE TRABALHO MÃDICO,PB,9403283.0,3134427.6666666665,4895317.507804201
FUNDAÃÃO LIBERTAS DE SEGURIDADE SOCIAL,MG,9376896.0,3125632.0,6299280.559272543
INTEGRALCARE PLANOS DE SAUDE LTDA,BA,9300096.0,3100032.0,16.0
UNIMED TRÃS PONTAS - COOPERATIVA DE TRABALHO MÃDICO,MG,9294051.0,3098017.0,2093059.1970233426
UNIODONTO ESPIRITO SANTO COOPERATIVA ODONTOLOGICA,ES,9253548.0,3084516.0,1814673.8913347488
INTERVIDA ADMINISTRADORA DE BENEFÃCIOS LTDA,SP,9241214.0,3080404.6666666665,21332.27614047165
FUNDAÃÃO FIAT SAÃDE E BEM ESTAR,MG,8966668.0,2988889.3333333335,2569185.7954944274
INFINITY SAÃDE SUPLEMENTAR LTDA,MT,8953200.0,2984400.0,3708715.5670402925
ASSOCIAÃÃO POLICIAL DE ASSISTENCIA Ã SAUDE DE SAO JOAO DA BOA VISTA,SP,8634540.0,2878180.0,3992056.827824098
ASSOCIAÃÃO UNIVIDA SANTA RITA DO PASSA QUATRO,SP,8513054.0,2837684.6666666665,2002759.2850371043
UNIMED PONTE NOVA COOPERATIVA DE TRABALHO MEDICO LTDA,MG,8480269.0,2826756.3333333335,5201571.10474752
UNIMED DE ANDRADINA - COOPERATIVA DE TRABALHO MÃDICO,SP,8447303.0,2815767.6666666665,1811249.487182076
UNIMED MACHADO COOPERATIVA DE TRABALHO MEDICO,MG,8351946.0,2783982.0,2150250.6458757315
UNIMED VALE DO PARAÃBA - FEDERAÃÃO INTRAFEDERATIVA DAS COOPERATIVAS MÃDICAS,SP,8349558.0,2783186.0,1724664.3281093861
SIM - CAIXA DE ASSISTÃNCIA Ã SAÃDE,SC,8318872.0,2772957.3333333335,1602969.9074643708
RODRIGUES LEIRA ODONTOLOGIA LTDA.,SP,8221941.0,2740647.0,334060.587431382
UNIODONTO DE ARARAQUARA COOPERATIVA ODONTOLÃGICA,SP,8203971.0,2734657.0,1352149.0711090253
UNIODONTO DE LONDRINA COOP. ODONTOLÃGICA,PR,8016576.0,2672192.0,2560556.655901017
CAIXA DE ASSISTÃNCIA SISTEMA SAÃDE INTEGRAL-SSI SAUDE,RS,8003037.0,2667679.0,2595855.3357182676
ATIMED ASSISTENCIA MEDICA LTDA,SP,7828677.0,7828677.0,
UNIÃO HOSPITAIS DE PERNAMBUCO LTDA,PE,7800000.0,7800000.0,
SAUDE FACIL PLANOS DE SAUDE LTDA,RJ,7800000.0,7800000.0,
ESPERANÃA OPERADORA DE PLANOS DE SAÃDE LTDA,RJ,7800000.0,7800000.0,
BIT LIFE BENEFÃCIOS LTDA,SP,7755090.0,2585030.0,5100.0
SANTA CASA DE MISERICÃRDIA DE VOTUPORANGA,SP,7587984.0,2529328.0,3066163.0173643734
ASSOCIAÃÃO DOS AUDITORES FISCAIS DA RECEITA ESTADUAL DO RIO DE JANEIRO,RJ,7575089.0,2525029.6666666665,861719.1569765253
QUALIDONTO - QUALIDADE EM ODONTOLOGIA LTDA ,BA,7396537.0,2465512.3333333335,346889.30816952744
TOTAL SAUDE  ADMINISTRADORA DE BENEFICIOS EIRELI,ES,7246425.0,2415475.0,13856.406460551018
ASSOCIAÃÃO POLICIAL DE ASSISTENCIA A SAUDE DE BOTUCATU,SP,7243304.0,2414434.6666666665,1557207.5076207195
BENEFIT ADMINISTRADORA DE BENEFÃCIOS LTDA.,SP,7121820.0,2373940.0,62410.470275427346
LEXUS ADMINISTRADORA DE BENEFICIOS LTDA,SP,7108814.0,2369604.6666666665,424825.6944822586
SOCIEDADE DE ASSISTÃNCIA MÃDICA - SAMEISA,RS,7105203.0,2368401.0,3474719.109679371
ASSOCIAÃÃO PADRE PIO PLANOS DE SAÃDE,SP,7035856.0,2345285.3333333335,2111584.278138179
CAIXA DE ASSISTÃNCIA Ã SAUDE DOS EMPREGADOS DA CODEVASF - CASEC,DF,6960915.0,2320305.0,3955486.904711353
UNIMED DE PIRASSUNUNGA COOPERATIVA DE TRABALHO MÃDICO,SP,6925191.0,2308397.0,2447644.501295889
CAIXA DE ASSISTÃNCIA DOS EMPREGADOS DO BANEB,BA,6816290.0,2272096.6666666665,2267479.343462545
ASSOCIAÃÃO POLICIAL DE ASSISTÃNCIA Ã SAÃDE DE RIBEIRÃO PRETO (APAS),SP,6769869.0,2256623.0,3229684.852246268
SALUTY ADMINISTRADORA DE BENEFICIOS LTDA,RJ,6768303.0,2256101.0,242764.14423056797
ASSOCIAÃÃO SERVIÃOS ODONTOLÃGICOS DA INDÃSTRIA DE MINAS GERAIS - ODONTOINDUSTRIA,MG,6766430.0,2255476.6666666665,1658149.9731126053
ASSOCIAÃÃO VALEPARAIBANA DE ASSISTÃNCIA MÃDICA POLICIAL,SP,6759295.0,2253098.3333333335,489371.71650631115
ASSOCIAÃÃO DOS SERVIDORES PÃBLICOS DA ADMINISTRAÃÃO DIRETA DO GOVERNO DO ESTADO DO PARÃ - ASPARÃ,PA,6652303.0,2217434.3333333335,2276873.63653373
COOPERATIVA DOS USUÃRIOS DE SERVIÃOS DE SAÃDE DO VALE DO RIO DOS SINOS LTDA,RS,6646814.0,2215604.6666666665,2639086.195517178
PLANO ASSISTENCIAL SÃO LUCAS LTDA,MG,6562155.0,2187385.0,332847.49822103215
UNIODONTO PIRACICABA - COOPERATIVA ODONTOLÃGICA,SP,6260872.0,2086957.3333333333,1373884.3512080386
QV BENEFÃCIOS EM SAÃDE LTDA,RJ,6141353.0,2047117.6666666667,4192381.6763713597
UNIMED DE TAUBATÃ COOPERATIVA DE TRABALHO MÃDICO,SP,6023151.0,2007717.0,1407821.857959664
UNIMED COSTA DO DESCOBRIMENTO COOPERATIVA DE TRABALHO MÃDICO,BA,5964396.0,1988132.0,6010023.0399251385
UNIMED ALTO PARANAIBA COOPERATIVA DE TRABALHO MEDICO,MG,5820470.0,1940156.6666666667,757887.3130765109
ASSOCIACAO POLICIAL DE ASSISTENCIA A SAUDE DE ITAPETININGA,SP,5747572.0,1915857.3333333333,114866.98963729017
SORRIDEN CONVÃNIOS ODONTOLÃGICOS S.A.,SP,5687871.0,1895957.0,1865314.5879296071
SOCIEDADE PORTUGUESA DE BENEFICÃNCIA,RS,5617841.0,1872613.6666666667,580056.6268739055
ASSOCIACAO CIVIL PRÃ-SAÃDE DOS SERVIDORES DA UNIVERSIDADE ESTADUAL DE PONTA GROSSA,PR,5567556.0,1855852.0,1651824.7448754967
UNIMED DE BATATAIS - COOPERATIVA DE TRABALHO MÃDICO,SP,5525864.0,1841954.6666666667,1846985.487488825
UNIMED PONTAL DO TRIÃNGULO - COOPERATIVA DE TRABALHO MÃDICO,MG,5467302.0,1822434.0,2219765.282300586
MUITO MAIS SAÃDE ADMINISTRADORA DE BENEFÃCIOS,RJ,5269316.0,1756438.6666666667,1682210.463728107
CAIXA ASSISTENCIAL UNIVERSITÃRIA DO RIO GRANDE DO NORTE,RN,5044470.0,1681490.0,1308717.7668481467
SALVE SAÃDE ADMINISTRADORA DE BENEFÃCIOS LTDA,RJ,4892460.0,1630820.0,2398027.9316869937
UNIMED MURIAÃ COOPERATIVA DE TRABALHO MEDICO LTDA,MG,4852167.0,1617389.0,329448.5761040712
SMART CARE SISTEMAS MÃDICOS E ODONTOLÃGICOS LTDA.,SP,4835669.0,2417834.5,385547.8511216215
HOSPITAL DE CARIDADE SÃO VICENTE DE PAULO,PR,4704115.0,1568038.3333333333,1840967.9358515001
ASSOCIACAO DOS PROFESSORES UNIVERSITÃRIOS DA BAHIA,BA,4503861.0,1501287.0,1666801.7873733516
ASSOCIAÃÃO DE SAÃDE DOS FORNECEDORES DE CANA DE PIRACICABA E REGIÃO,SP,4430941.0,1476980.3333333333,1233192.031700389
INTEGRA ADMINISTRADORA DE BENEFICIOS LTDA,GO,4414200.0,2207100.0,0.0
UNIODONTO DE SC COOPERATIVA ADMINISTRADORA DE CONTRATOS,SC,4388454.0,1462818.0,2336986.8327320544
UNIODONTO VALE HISTORICO COOPERATIVA ODONTOLOGICA,SP,4343713.0,1447904.3333333333,841492.7428589823
AMAZIL ASSISTENCIA MEDICA DO BRASIL LTDA,RJ,4335460.0,1445153.3333333333,12667.142863855785
PLANO SIGMA SAÃDE LTDA,SP,4292368.0,2146184.0,7443.005978769599
UNIMED DE OURINHOS - COOPERATIVA DE TRABALHO MÃDICO,SP,4279915.0,1426638.3333333333,886804.9440825944
MAXMED ADMINISTRADORA DE BENEFICIOS LTDA,SP,4270656.0,1423552.0,484519.02297949046
TRINO - ALIANCA FILANTRÃPICA DE ASSISTÃNCIA E INTEGRAÃÃO PARA O DESENVOLVIMENTO DA SAUDE,ES,4062813.0,1354271.0,1976070.8556802815
UNIODONTO DE PRESIDENTE PRUDENTE COOPERATIVA ODONTOLOGICA,SP,4041278.0,1347092.6666666667,1892268.415278428
FUNDO DE ASSISTÃNCIA Ã SAÃDE DOS FUNCIONÃRIOS DO BEC,CE,4018135.0,1339378.3333333333,2147606.1418268327
BLUZZ SAÃDE S/A,ES,3879110.0,1293036.6666666667,305363.6065812907
VIVER BEM ADMINISTRADORA DE BENEFÃCIOS LTDA,RJ,3837096.0,1279032.0,78675.86188914615
UNIMED DE MONTE ALTO - COOPERATIVA DE TRABALHO MÃDICO,SP,3834991.0,1278330.3333333333,1159639.925637408
COMSEDER - COOPERATIVA DE ASSISTÃNCIA MÃDICA DOS SERVIDORES DA SUPLAN E DO DER LTDA,PB,3791028.0,1263676.0,647857.8430327135
ASSOCIAÃÃO MAIS SAÃDE SANTA CASA DE SÃO JOÃO DA BOA VISTA,SP,3710972.0,1236990.6666666667,499809.07997987926
SOCIODONTO PLANO DE ASSISTÃNCIA ODONTOLÃGICA LTDA,MG,3610299.0,1805149.5,823173.409570851
UNIMED DE JATAÃ COOPERATIVA DE TRABALHO MÃDICO LTDA.,GO,3584450.0,1194816.6666666667,313466.37976397615
CAIXA BENEFICENTE DOS FUNCIONARIOS DO BANCO DO ESTADO DE SÃO PAULO,SP,3525000.0,1175000.0,1785592.388892549
ASSOCIAÃÃO BENEFICENTE DE ASSISTÃNCIA A SAÃDE DOS JUÃZES DO TRABALHO DA 15Âª REGIÃO (ABAS 15),SP,3505978.0,1168659.3333333333,550343.3257670464
BCI ADMINISTRADORA DE BENEFÃCIOS LTDA.,SP,3434288.0,1144762.6666666667,132289.79981968878
CAIXA DE ASSISTÃNCIA DOS EMPREGADOS DO SETOR PÃBLICO DO ESTADO DE GOIÃS - CAEME,GO,3378882.0,1126294.0,125636.02916361214
UNIODONTO UBERABA - COOPERATIVA DE ASSISTÃNCIA Ã SAÃDE ODONTOLÃGICA LTDA,MG,3357141.0,1119047.0,2620042.79355796
AGROS - INSTITUTO UFV DE SEGURIDADE SOCIAL,MG,3192303.0,1064101.0,1767224.835641747
UNIMED DE ADAMANTINA-COOPERATIVA DE TRABALHO MÃDICO,SP,3177088.0,1059029.3333333333,573422.0028446183
HOSPITAL MATERNIDADE SÃO VICENTE DE PAULO,CE,2994000.0,998000.0,346410.16151377547
FUNASA SAÃDE,PB,2932068.0,977356.0,36357.88716358529
ASSOCIAÃÃO DE SAÃDE DO VALE,SC,2872978.0,957659.3333333334,1073021.6383397556
ASSOCIAÃAO UNISAUDE MARAU,RS,2853344.0,951114.6666666666,908015.9783893306
ASSOCIAÃÃO POLICIAL DE ASSISTÃNCIA Ã SAÃDE - VALE DO RIBEIRA,SP,2815030.0,938343.3333333334,1418851.0798703765
UNIODONTO JACAREÃ COOPERATIVA ODONTOLÃGICA,SP,2805900.0,935300.0,294166.8360573639
TELOS - FUNDAÃÃO EMBRATEL DE SEGURIDADE SOCIAL,RJ,2596732.0,865577.3333333334,1346558.71955193
UNIODONTO DE SERTAOZINHO SP COOPERATIVA ODONTOLOGICA,SP,2445074.0,1222537.0,382994.4885347569
UNIODONTO RS FEDERACAO DAS UNIODONTOS DO RGS LTDA,RS,2415922.0,805307.3333333334,693027.4182579889
UP SOLUÃÃES EM SAÃDE LTDA ,SP,2335700.0,2335700.0,
UNIMED VALE DO CARANGOLA COOPERATIVA DE TRABALHO MEDICO LTDA,MG,2302237.0,767412.3333333334,457709.21598798217
ASSOCIAÃÃO DOS FISCAIS DE TRIBUTOS ESTADUAIS DO RS - AFISVEC,RS,2221394.0,740464.6666666666,664316.4931275855
UNIMED DE CATANDUVA - COOPERATIVA DE TRABALHO MÃDICO,SP,2195906.0,731968.6666666666,17691036.232393213
LIKE DENTAL PLANOS ODONTOLÃGICOS SS LTDA,PR,2167869.0,722623.0,1107264.7266019993
COOPERATIVA ODONTOLÃGICA DO ESTADO DO AMAPÃ,AP,2153012.0,717670.6666666666,347727.9050153055
UNIMED NOROESTE FLUMINENSE - COOPERATIVA DE TRABALHO MÃDICO LTDA,RJ,2131482.0,710494.0,1165808.5709875356
UNIODONTO DE PINDAMONHANGABA COOP ODONTOLOGICA,SP,2092002.0,697334.0,528889.2129841561
UNIMED REGIÃO DA FRONTEIRA - RS COOPERATIVA DE ASSISTÃNCIA Ã SAÃDE LTDA.,RS,1982303.0,660767.6666666666,1403749.851192987
ASSOCIAÃÃO DO FISCO DE ALAGOAS,AL,1978211.0,659403.6666666666,593906.2330337452
ASSOCIAÃÃO POLICIAL DE ASSISTÃNCIA Ã SAÃDE APAS,SP,1935053.0,645017.6666666666,651651.6165930483
ASSOCIAÃÃO MINEIRA DE ASSISTÃNCIA Ã SAÃDE DOS MEMBROS DO MINISTÃRIO PÃBLICO,MG,1747952.0,582650.6666666666,992292.8365539748
UNIODONTO DE MATO GROSSO COOP TRAB ODONTOLOGICO LTDA,MT,1681896.0,560632.0,368756.38969921594
UNIMED PATOS - COOPERATIVA DE TRABALHO MÃDICO,PB,1665558.0,555186.0,464166.6031922159
PLAMESC PLANOS DE SAÃDE LTDA,RJ,1655950.0,551983.3333333334,209291.06365139753
UNIODONTO DE JOÃO PESSOA COOPERATIVA ODONTOLÃGICA,PB,1576789.0,525596.3333333334,577174.8319047993
UNIMED ARAGUARI COOPERATIVA DE TRABALHO MÃDICO ,MG,1301449.0,433816.3333333333,4801687.370387657
CAIXA BENEFICENTE DOS FUNCIONÃRIOS DO GRUPO IGUAÃU,PR,1149430.0,383143.3333333333,550022.8077546725
ASSOCIAÃÃO POLICIAL DE ASSISTÃNCIA Ã SAÃDE DE JAÃ,SP,919648.0,306549.3333333333,162205.19667795274
ASSOCIAÃÃO POLICIAL DE ASSISTÃNCIA Ã SAÃDE DE PRESIDENTE VENCESLAU,SP,850213.0,283404.3333333333,57908.60822307279
RAMED ADMINISTRADORA DE BENEFICIOS LTDA.,SP,786191.0,262063.66666666666,66239.9677863247
ASSOCIAÃÃO POLICIAL DE ASSISTÃNCIA Ã SAÃDE DE ARAÃATUBA (APAS),SP,675691.0,225230.33333333334,84918.28638363667
S.P.A SAUDE- SISTEMA DE PROMOÃÃO ASSISTENCIAL,SP,613590.0,204530.0,183020.03334061548
COOPERATIVA DE TRABALHO ODONTOLOGICO - UNIODONTO ITAJUBÃ,MG,499410.0,166470.0,172346.69576467082
ASSOCIACAO POLICIAL DE ASSISTENCIA A SAUDE DE PRESIDENTE PRUDENTE (APAS),SP,474654.0,158218.0,66769.61402464447
VIVACOM PLANOS DE SAÃDE,GO,451477.0,150492.33333333334,651711.9322448634
UNIODONTO MARINGA COOPERATIVA ODONTOLOGICA,PR,445147.0,148382.33333333334,113030.38796860486
ASSOCIAÃÃO PARANAENSE DE ASSISTÃNCIA Ã SAUDE DOS MEMBROS DO MINISTERIO PUBLICO DO PARANÃ,PR,425332.0,141777.33333333334,37889.57487665088
"CAIXA DE ASSISTÃNCIA Ã SAÃDE DOS TRABALHADORES NAS INDÃSTRIAS METALÃRGICAS, MECÃNICAS E DO MATERIAL ELÃTRICO DE BRUSQUE",SC,334379.0,111459.66666666667,41272.061450009176
UNIMED MEIO OESTE CATARINENSE COOPERATIVA DE TRABALHO MÃDICO,SC,210681.0,70227.0,3627023.336735649
FEBRAFITE SAUDE,DF,203307.0,67769.0,89153.74665710915
REAL GRANDEZA SAÃDE,RJ,157970.0,52656.666666666664,37062.44471609143
UNIODONTO/RN - COOPERATIVA ODONTOLOGICA DO RIO GRANDE DO NORTE,RN,3061.0,1020.3333333333334,53454.85894970946
UNIMED REGIONAL DE PICOS - COOPERATIVA DE TRABALHO MÃDICO,PI,-746792.0,-248930.66666666666,212178.8001199303
CAIXA DE ASSISTÃNCIA DOS EMPREGADOS DO SISTEMA FINANCEIRO BANESTES,ES,-786070.0,-262023.33333333334,2765624.018010101
ASSOCIAÃÃO PADRE ALBINO SAÃDE,SP,-1488915.0,-496305.0,6320815.609850283
UP HEALTH ADMINISTRADORA DE BENEFÃCIOS S/A,ES,-5207761.0,-1735920.3333333333,6026908.128738676
POLI SAUDE OPERADORA DE PLANO DE SAUDE LTDA,PR,-5977662.0,-1992554.0,1759447.685191009
COOPERATIVA DE TRABALHO MEDICO REGIÃO DO PLANALTO SERRANO,SC,-6413504.0,-2137834.6666666665,1422738.2362769102
UNIMED PETROPOLIS-RJ COOPERATIVA DE TRABALHO MÃDICO,RJ,-7454082.0,-2484694.0,4549456.637330551
ASSOCIACAO DOS SERVIDORES DA EMDAGRO - ASSEM,SE,-8593542.0,-2864514.0,2528733.190676312
BRASILDENTAL OPERADORA DE PLANOS ODONTOLÃGICOS S.A.,SP,-10272331.0,-3424110.3333333335,33504648.24192942
FUNDAÃÃO DE SAÃDE ITAIGUAPY,PR,-10611159.0,-3537053.0,7376176.615939453
UNIMED DE REGISTRO COOPERATIVA DE TRABALHO MÃDICO,SP,-13779809.0,-4593269.666666667,2273414.0115012783
PLURAL GESTÃO EM PLANOS DE SAÃDE LTDA,RJ,-19659674.0,-6553224.666666667,22192339.233096123
QUALICORP ADMINISTRADORA DE BENEFÃCIOS S.A.,SP,-35829591.0,-11943197.0,33807819.52459947
FUNDAÃÃO CHESF DE ASSISTÃNCIA E SEGURIDADE SOCIAL,PE,-115654966.0,-38551655.333333336,66359311.56417041
ALLCARE ADMINISTRADORA DE BENEFÃCIOS EM SAÃDE LTDA.,DF,-425022753.0,-141674251.0,4020352.346435944
ALL CARE ADMINISTRADORA DE BENEFÃCIOS SÃO PAULO LTDA,SP,-512174704.0,-170724901.33333334,18995401.974314947
ODONTOPREV S/A,SP,-885047109.0,-295015703.0,320329321.6421182
AMIL ASSISTÃNCIA MÃDICA INTERNACIONAL S.A.,SP,-5603392667.0,-1867797555.6666667,1953583702.2154446
